구분,지역,유형,공고대수,접수대수,출고대수,잔여대수,날짜
승용,서울,우선,0,3381,3314,0,2025-10-01
승용,서울,법인,0,395,383,0,2025-10-01
승용,서울,택시,1200,1099,1031,169,2025-10-01
승용,서울,일반,9174,6125,5917,3257,2025-10-01
승용,부산,우선,1300,1872,1815,0,2025-10-01
승용,부산,법인,0,167,158,0,2025-10-01
승용,부산,택시,800,770,731,69,2025-10-01
승용,부산,일반,5700,3220,3119,2581,2025-10-01
승용,대구,우선,682,1375,1311,0,2025-10-01
승용,대구,법인,25,126,119,0,2025-10-01
승용,대구,택시,594,374,347,247,2025-10-01
승용,대구,일반,2079,2412,2258,0,2025-10-01
승용,인천,우선,0,2418,2340,0,2025-10-01
승용,인천,법인,0,160,150,0,2025-10-01
승용,인천,택시,0,255,235,0,2025-10-01
승용,인천,일반,6850,4085,3894,2956,2025-10-01
승용,광주,우선,0,674,625,0,2025-10-01
승용,광주,법인,0,51,44,0,2025-10-01
승용,광주,택시,0,258,213,0,2025-10-01
승용,광주,일반,2227,1332,1203,1024,2025-10-01
승용,대전,우선,0,939,878,0,2025-10-01
승용,대전,법인,0,68,60,0,2025-10-01
승용,대전,택시,0,216,200,0,2025-10-01
승용,대전,일반,2875,1665,1545,1330,2025-10-01
승용,울산,우선,0,722,706,0,2025-10-01
승용,울산,법인,0,36,35,0,2025-10-01
승용,울산,택시,0,144,136,0,2025-10-01
승용,울산,일반,2664,1127,1091,1573,2025-10-01
승용,세종,우선,0,143,142,0,2025-10-01
승용,세종,법인,0,5,5,0,2025-10-01
승용,세종,택시,0,6,6,0,2025-10-01
승용,세종,일반,150,202,198,0,2025-10-01
승용,수원,우선,83,86,86,0,2025-10-01
승용,수원,법인,0,2,2,0,2025-10-01
승용,수원,택시,47,77,76,0,2025-10-01
승용,수원,일반,1795,2009,1989,0,2025-10-01
승용,성남,우선,0,726,719,0,2025-10-01
승용,성남,법인,0,56,55,0,2025-10-01
승용,성남,택시,0,99,97,0,2025-10-01
승용,성남,일반,4265,1282,1255,3010,2025-10-01
승용,의정부,우선,73,162,151,0,2025-10-01
승용,의정부,법인,0,2,2,0,2025-10-01
승용,의정부,택시,73,28,24,49,2025-10-01
승용,의정부,일반,577,323,303,274,2025-10-01
승용,안양,우선,120,338,329,0,2025-10-01
승용,안양,법인,0,33,33,0,2025-10-01
승용,안양,택시,120,60,59,61,2025-10-01
승용,안양,일반,956,675,656,300,2025-10-01
승용,부천,우선,15,91,88,0,2025-10-01
승용,부천,법인,0,14,13,0,2025-10-01
승용,부천,택시,15,32,31,0,2025-10-01
승용,부천,일반,170,180,176,0,2025-10-01
승용,광명,우선,263,158,135,128,2025-10-01
승용,광명,법인,0,23,17,0,2025-10-01
승용,광명,택시,0,16,16,0,2025-10-01
승용,광명,일반,376,270,240,136,2025-10-01
승용,평택,우선,0,400,374,0,2025-10-01
승용,평택,법인,0,28,25,0,2025-10-01
승용,평택,택시,0,48,46,0,2025-10-01
승용,평택,일반,410,780,734,0,2025-10-01
승용,동두천,우선,40,38,36,4,2025-10-01
승용,동두천,법인,0,0,0,0,2025-10-01
승용,동두천,택시,32,3,3,29,2025-10-01
승용,동두천,일반,248,86,83,165,2025-10-01
승용,안산,우선,46,108,101,0,2025-10-01
승용,안산,법인,0,48,41,0,2025-10-01
승용,안산,택시,46,38,33,13,2025-10-01
승용,안산,일반,768,638,607,161,2025-10-01
승용,고양,우선,172,715,686,0,2025-10-01
승용,고양,법인,0,61,60,0,2025-10-01
승용,고양,택시,172,67,65,107,2025-10-01
승용,고양,일반,1376,1419,1364,12,2025-10-01
승용,과천,우선,0,98,96,0,2025-10-01
승용,과천,법인,0,3,2,0,2025-10-01
승용,과천,택시,30,5,5,25,2025-10-01
승용,과천,일반,320,127,124,196,2025-10-01
승용,구리,우선,0,118,115,0,2025-10-01
승용,구리,법인,0,7,7,0,2025-10-01
승용,구리,택시,40,26,24,16,2025-10-01
승용,구리,일반,370,229,214,156,2025-10-01
승용,남양주,우선,100,557,550,0,2025-10-01
승용,남양주,법인,0,42,42,0,2025-10-01
승용,남양주,택시,80,29,29,51,2025-10-01
승용,남양주,일반,1364,968,946,418,2025-10-01
승용,오산,우선,0,188,176,0,2025-10-01
승용,오산,법인,0,21,19,0,2025-10-01
승용,오산,택시,52,18,16,36,2025-10-01
승용,오산,일반,455,472,442,13,2025-10-01
승용,시흥,우선,0,223,221,0,2025-10-01
승용,시흥,법인,0,36,35,0,2025-10-01
승용,시흥,택시,0,40,39,0,2025-10-01
승용,시흥,일반,1232,729,716,516,2025-10-01
승용,군포,우선,50,134,133,0,2025-10-01
승용,군포,법인,0,16,16,0,2025-10-01
승용,군포,택시,50,16,15,35,2025-10-01
승용,군포,일반,433,245,232,201,2025-10-01
승용,의왕,우선,39,125,118,0,2025-10-01
승용,의왕,법인,0,7,7,0,2025-10-01
승용,의왕,택시,39,12,10,29,2025-10-01
승용,의왕,일반,312,230,215,97,2025-10-01
승용,하남,우선,112,100,99,13,2025-10-01
승용,하남,법인,0,19,18,0,2025-10-01
승용,하남,택시,112,12,12,100,2025-10-01
승용,하남,일반,889,811,774,115,2025-10-01
승용,용인,우선,1298,976,901,397,2025-10-01
승용,용인,법인,0,66,58,0,2025-10-01
승용,용인,택시,300,68,66,234,2025-10-01
승용,용인,일반,2386,1709,1577,809,2025-10-01
승용,파주,우선,150,226,215,0,2025-10-01
승용,파주,법인,0,51,48,0,2025-10-01
승용,파주,택시,150,27,24,126,2025-10-01
승용,파주,일반,1251,1328,1212,39,2025-10-01
승용,이천,우선,0,222,214,0,2025-10-01
승용,이천,법인,0,15,14,0,2025-10-01
승용,이천,택시,50,19,19,31,2025-10-01
승용,이천,일반,650,369,350,300,2025-10-01
승용,안성,우선,47,35,27,20,2025-10-01
승용,안성,법인,0,20,18,0,2025-10-01
승용,안성,택시,38,4,4,34,2025-10-01
승용,안성,일반,484,364,300,184,2025-10-01
승용,김포,우선,0,456,435,0,2025-10-01
승용,김포,법인,0,40,38,0,2025-10-01
승용,김포,택시,0,16,16,0,2025-10-01
승용,김포,일반,1731,754,732,999,2025-10-01
승용,화성,우선,474,479,474,0,2025-10-01
승용,화성,법인,0,101,89,0,2025-10-01
승용,화성,택시,0,81,78,0,2025-10-01
승용,화성,일반,4245,2669,2348,1897,2025-10-01
승용,광주(경기),우선,0,298,291,0,2025-10-01
승용,광주(경기),법인,0,27,24,0,2025-10-01
승용,광주(경기),택시,0,24,23,0,2025-10-01
승용,광주(경기),일반,1000,639,608,392,2025-10-01
승용,양주,우선,70,216,214,0,2025-10-01
승용,양주,법인,11,12,12,0,2025-10-01
승용,양주,택시,70,7,7,63,2025-10-01
승용,양주,일반,547,456,454,93,2025-10-01
승용,포천,우선,36,36,34,2,2025-10-01
승용,포천,법인,0,19,19,0,2025-10-01
승용,포천,택시,36,24,24,12,2025-10-01
승용,포천,일반,298,154,151,147,2025-10-01
승용,여주,우선,42,70,70,0,2025-10-01
승용,여주,법인,0,13,13,0,2025-10-01
승용,여주,택시,42,4,4,38,2025-10-01
승용,여주,일반,328,197,191,137,2025-10-01
승용,연천,우선,11,31,30,0,2025-10-01
승용,연천,법인,0,7,7,0,2025-10-01
승용,연천,택시,11,1,0,11,2025-10-01
승용,연천,일반,82,68,67,15,2025-10-01
승용,가평,우선,16,42,42,0,2025-10-01
승용,가평,법인,0,3,3,0,2025-10-01
승용,가평,택시,16,3,3,13,2025-10-01
승용,가평,일반,128,97,93,35,2025-10-01
승용,양평,우선,0,113,106,0,2025-10-01
승용,양평,법인,0,3,3,0,2025-10-01
승용,양평,택시,0,20,20,0,2025-10-01
승용,양평,일반,400,218,203,197,2025-10-01
승용,춘천,우선,0,109,109,0,2025-10-01
승용,춘천,법인,0,13,13,0,2025-10-01
승용,춘천,택시,0,32,32,0,2025-10-01
승용,춘천,일반,100,489,487,0,2025-10-01
승용,원주,우선,50,250,250,0,2025-10-01
승용,원주,법인,0,7,7,0,2025-10-01
승용,원주,택시,50,55,55,0,2025-10-01
승용,원주,일반,900,509,503,397,2025-10-01
승용,강릉,우선,34,38,37,0,2025-10-01
승용,강릉,법인,0,13,11,0,2025-10-01
승용,강릉,택시,23,14,13,10,2025-10-01
승용,강릉,일반,411,341,320,91,2025-10-01
승용,동해,우선,10,24,22,0,2025-10-01
승용,동해,법인,0,2,2,0,2025-10-01
승용,동해,택시,10,11,11,0,2025-10-01
승용,동해,일반,154,120,115,39,2025-10-01
승용,태백,우선,6,26,26,0,2025-10-01
승용,태백,법인,0,2,2,0,2025-10-01
승용,태백,택시,6,6,6,0,2025-10-01
승용,태백,일반,71,49,49,22,2025-10-01
승용,속초,우선,10,26,23,0,2025-10-01
승용,속초,법인,0,0,0,0,2025-10-01
승용,속초,택시,10,8,6,4,2025-10-01
승용,속초,일반,118,79,74,44,2025-10-01
승용,삼척,우선,0,32,32,0,2025-10-01
승용,삼척,법인,0,2,2,0,2025-10-01
승용,삼척,택시,0,3,2,0,2025-10-01
승용,삼척,일반,140,44,42,98,2025-10-01
승용,홍천,우선,15,23,23,0,2025-10-01
승용,홍천,법인,0,5,5,0,2025-10-01
승용,홍천,택시,15,0,0,15,2025-10-01
승용,홍천,일반,119,78,74,45,2025-10-01
승용,횡성,우선,0,10,9,0,2025-10-01
승용,횡성,법인,0,2,2,0,2025-10-01
승용,횡성,택시,0,0,0,0,2025-10-01
승용,횡성,일반,76,45,44,32,2025-10-01
승용,영월,우선,0,6,5,0,2025-10-01
승용,영월,법인,0,1,1,0,2025-10-01
승용,영월,택시,0,0,0,0,2025-10-01
승용,영월,일반,60,51,49,11,2025-10-01
승용,평창,우선,7,13,13,0,2025-10-01
승용,평창,법인,0,3,2,0,2025-10-01
승용,평창,택시,7,0,0,7,2025-10-01
승용,평창,일반,48,38,34,14,2025-10-01
승용,정선,우선,5,18,17,0,2025-10-01
승용,정선,법인,0,3,3,0,2025-10-01
승용,정선,택시,5,0,0,5,2025-10-01
승용,정선,일반,45,36,31,14,2025-10-01
승용,철원,우선,0,20,19,0,2025-10-01
승용,철원,법인,0,1,1,0,2025-10-01
승용,철원,택시,0,0,0,0,2025-10-01
승용,철원,일반,50,39,39,11,2025-10-01
승용,화천,우선,3,8,6,0,2025-10-01
승용,화천,법인,0,1,1,0,2025-10-01
승용,화천,택시,3,1,1,2,2025-10-01
승용,화천,일반,21,19,13,8,2025-10-01
승용,양구,우선,0,14,13,0,2025-10-01
승용,양구,법인,0,1,1,0,2025-10-01
승용,양구,택시,0,3,2,0,2025-10-01
승용,양구,일반,45,23,22,23,2025-10-01
승용,인제,우선,7,18,17,0,2025-10-01
승용,인제,법인,0,3,3,0,2025-10-01
승용,인제,택시,7,2,2,5,2025-10-01
승용,인제,일반,56,36,33,23,2025-10-01
승용,고성,우선,2,12,12,0,2025-10-01
승용,고성,법인,0,0,0,0,2025-10-01
승용,고성,택시,2,1,0,2,2025-10-01
승용,고성,일반,30,20,18,12,2025-10-01
승용,양양,우선,0,9,9,0,2025-10-01
승용,양양,법인,0,1,1,0,2025-10-01
승용,양양,택시,0,5,5,0,2025-10-01
승용,양양,일반,51,17,16,35,2025-10-01
승용,청주,우선,1288,591,519,769,2025-10-01
승용,청주,법인,431,49,43,388,2025-10-01
승용,청주,택시,431,153,126,305,2025-10-01
승용,청주,일반,2303,2089,1839,464,2025-10-01
승용,충주,우선,96,245,230,0,2025-10-01
승용,충주,법인,0,16,16,0,2025-10-01
승용,충주,택시,96,22,21,75,2025-10-01
승용,충주,일반,1142,521,467,675,2025-10-01
승용,제천,우선,80,140,117,0,2025-10-01
승용,제천,법인,0,10,8,0,2025-10-01
승용,제천,택시,160,40,38,122,2025-10-01
승용,제천,일반,720,332,275,445,2025-10-01
승용,보은,우선,10,16,13,0,2025-10-01
승용,보은,법인,0,1,1,0,2025-10-01
승용,보은,택시,10,2,0,10,2025-10-01
승용,보은,일반,80,71,54,26,2025-10-01
승용,옥천,우선,0,33,33,0,2025-10-01
승용,옥천,법인,0,5,5,0,2025-10-01
승용,옥천,택시,0,1,1,0,2025-10-01
승용,옥천,일반,170,74,74,96,2025-10-01
승용,영동,우선,30,36,35,0,2025-10-01
승용,영동,법인,0,5,5,0,2025-10-01
승용,영동,택시,15,3,3,12,2025-10-01
승용,영동,일반,105,85,77,28,2025-10-01
승용,증평,우선,44,57,54,0,2025-10-01
승용,증평,법인,0,0,0,0,2025-10-01
승용,증평,택시,15,4,4,11,2025-10-01
승용,증평,일반,91,75,73,18,2025-10-01
승용,진천,우선,10,96,95,0,2025-10-01
승용,진천,법인,0,11,11,0,2025-10-01
승용,진천,택시,0,0,0,0,2025-10-01
승용,진천,일반,140,162,162,0,2025-10-01
승용,괴산,우선,30,32,31,0,2025-10-01
승용,괴산,법인,0,7,6,0,2025-10-01
승용,괴산,택시,30,0,0,30,2025-10-01
승용,괴산,일반,240,85,76,164,2025-10-01
승용,음성,우선,0,56,53,0,2025-10-01
승용,음성,법인,0,9,9,0,2025-10-01
승용,음성,택시,9,1,1,8,2025-10-01
승용,음성,일반,42,137,133,0,2025-10-01
승용,단양,우선,15,32,32,0,2025-10-01
승용,단양,법인,6,6,6,0,2025-10-01
승용,단양,택시,2,1,1,1,2025-10-01
승용,단양,일반,102,97,90,12,2025-10-01
승용,천안,우선,104,294,250,0,2025-10-01
승용,천안,법인,0,48,38,0,2025-10-01
승용,천안,택시,104,129,104,0,2025-10-01
승용,천안,일반,828,887,808,20,2025-10-01
승용,공주,우선,22,52,51,0,2025-10-01
승용,공주,법인,0,15,15,0,2025-10-01
승용,공주,택시,22,12,11,11,2025-10-01
승용,공주,일반,374,196,189,185,2025-10-01
승용,보령,우선,17,30,20,0,2025-10-01
승용,보령,법인,0,6,4,0,2025-10-01
승용,보령,택시,17,14,10,7,2025-10-01
승용,보령,일반,94,95,70,24,2025-10-01
승용,아산,우선,89,144,106,0,2025-10-01
승용,아산,법인,0,15,13,0,2025-10-01
승용,아산,택시,24,19,19,5,2025-10-01
승용,아산,일반,551,626,553,0,2025-10-01
승용,서산,우선,0,73,73,0,2025-10-01
승용,서산,법인,0,10,10,0,2025-10-01
승용,서산,택시,0,9,9,0,2025-10-01
승용,서산,일반,446,354,354,92,2025-10-01
승용,논산,우선,15,62,61,0,2025-10-01
승용,논산,법인,0,11,10,0,2025-10-01
승용,논산,택시,15,1,1,14,2025-10-01
승용,논산,일반,205,167,157,48,2025-10-01
승용,계룡,우선,58,45,41,17,2025-10-01
승용,계룡,법인,6,1,1,5,2025-10-01
승용,계룡,택시,28,0,0,28,2025-10-01
승용,계룡,일반,207,133,115,92,2025-10-01
승용,당진,우선,20,127,86,0,2025-10-01
승용,당진,법인,0,12,8,0,2025-10-01
승용,당진,택시,20,10,9,11,2025-10-01
승용,당진,일반,270,257,179,91,2025-10-01
승용,금산,우선,18,31,30,0,2025-10-01
승용,금산,법인,0,6,6,0,2025-10-01
승용,금산,택시,18,1,1,17,2025-10-01
승용,금산,일반,124,108,108,16,2025-10-01
승용,부여,우선,12,27,23,0,2025-10-01
승용,부여,법인,0,7,5,0,2025-10-01
승용,부여,택시,12,2,1,11,2025-10-01
승용,부여,일반,146,92,84,62,2025-10-01
승용,서천,우선,0,13,13,0,2025-10-01
승용,서천,법인,0,2,2,0,2025-10-01
승용,서천,택시,0,3,3,0,2025-10-01
승용,서천,일반,40,42,42,0,2025-10-01
승용,청양,우선,0,22,22,0,2025-10-01
승용,청양,법인,0,2,2,0,2025-10-01
승용,청양,택시,0,0,0,0,2025-10-01
승용,청양,일반,98,51,51,47,2025-10-01
승용,홍성,우선,9,15,15,0,2025-10-01
승용,홍성,법인,0,1,1,0,2025-10-01
승용,홍성,택시,9,9,9,0,2025-10-01
승용,홍성,일반,128,125,125,3,2025-10-01
승용,예산,우선,27,49,49,0,2025-10-01
승용,예산,법인,4,4,4,0,2025-10-01
승용,예산,택시,2,2,2,0,2025-10-01
승용,예산,일반,125,111,111,14,2025-10-01
승용,태안,우선,16,22,22,0,2025-10-01
승용,태안,법인,0,5,5,0,2025-10-01
승용,태안,택시,16,0,0,16,2025-10-01
승용,태안,일반,263,143,132,131,2025-10-01
승용,전주,우선,20,66,61,0,2025-10-01
승용,전주,법인,0,6,6,0,2025-10-01
승용,전주,택시,20,59,58,0,2025-10-01
승용,전주,일반,498,527,498,0,2025-10-01
승용,군산,우선,91,224,189,0,2025-10-01
승용,군산,법인,2,13,11,0,2025-10-01
승용,군산,택시,8,22,17,0,2025-10-01
승용,군산,일반,483,380,301,182,2025-10-01
승용,익산,우선,25,50,44,0,2025-10-01
승용,익산,법인,0,6,6,0,2025-10-01
승용,익산,택시,25,26,25,0,2025-10-01
승용,익산,일반,201,296,276,0,2025-10-01
승용,정읍,우선,15,67,67,0,2025-10-01
승용,정읍,법인,0,7,7,0,2025-10-01
승용,정읍,택시,15,15,15,0,2025-10-01
승용,정읍,일반,238,118,118,120,2025-10-01
승용,남원,우선,0,85,84,0,2025-10-01
승용,남원,법인,0,6,5,0,2025-10-01
승용,남원,택시,0,16,16,0,2025-10-01
승용,남원,일반,326,135,134,192,2025-10-01
승용,김제,우선,20,49,49,0,2025-10-01
승용,김제,법인,0,9,9,0,2025-10-01
승용,김제,택시,20,5,5,15,2025-10-01
승용,김제,일반,153,146,143,10,2025-10-01
승용,완주,우선,21,26,20,1,2025-10-01
승용,완주,법인,6,11,10,0,2025-10-01
승용,완주,택시,7,6,5,2,2025-10-01
승용,완주,일반,159,196,143,16,2025-10-01
승용,진안,우선,4,11,11,0,2025-10-01
승용,진안,법인,0,4,4,0,2025-10-01
승용,진안,택시,4,2,2,2,2025-10-01
승용,진안,일반,32,23,23,9,2025-10-01
승용,무주,우선,5,6,6,0,2025-10-01
승용,무주,법인,0,1,1,0,2025-10-01
승용,무주,택시,5,0,0,5,2025-10-01
승용,무주,일반,41,35,35,6,2025-10-01
승용,장수,우선,6,11,11,0,2025-10-01
승용,장수,법인,0,3,3,0,2025-10-01
승용,장수,택시,6,2,2,4,2025-10-01
승용,장수,일반,49,31,31,18,2025-10-01
승용,임실,우선,15,15,15,0,2025-10-01
승용,임실,법인,0,1,1,0,2025-10-01
승용,임실,택시,2,2,2,0,2025-10-01
승용,임실,일반,71,49,45,26,2025-10-01
승용,순창,우선,5,18,16,0,2025-10-01
승용,순창,법인,0,2,1,0,2025-10-01
승용,순창,택시,4,4,4,0,2025-10-01
승용,순창,일반,32,46,34,0,2025-10-01
승용,고창,우선,13,15,15,0,2025-10-01
승용,고창,법인,0,3,3,0,2025-10-01
승용,고창,택시,13,0,0,13,2025-10-01
승용,고창,일반,107,89,80,27,2025-10-01
승용,부안,우선,10,16,14,0,2025-10-01
승용,부안,법인,0,2,2,0,2025-10-01
승용,부안,택시,10,7,4,6,2025-10-01
승용,부안,일반,101,92,77,24,2025-10-01
승용,목포,우선,14,14,14,0,2025-10-01
승용,목포,법인,0,2,2,0,2025-10-01
승용,목포,택시,14,10,10,4,2025-10-01
승용,목포,일반,112,93,91,21,2025-10-01
승용,여수,우선,33,69,69,0,2025-10-01
승용,여수,법인,0,5,5,0,2025-10-01
승용,여수,택시,33,39,39,0,2025-10-01
승용,여수,일반,260,294,294,0,2025-10-01
승용,순천,우선,68,69,69,0,2025-10-01
승용,순천,법인,0,11,11,0,2025-10-01
승용,순천,택시,0,18,18,0,2025-10-01
승용,순천,일반,615,592,587,28,2025-10-01
승용,나주,우선,0,24,24,0,2025-10-01
승용,나주,법인,0,8,8,0,2025-10-01
승용,나주,택시,0,22,22,0,2025-10-01
승용,나주,일반,50,161,161,0,2025-10-01
승용,광양,우선,25,25,25,0,2025-10-01
승용,광양,법인,0,0,0,0,2025-10-01
승용,광양,택시,7,7,7,0,2025-10-01
승용,광양,일반,312,312,312,0,2025-10-01
승용,담양,우선,0,30,30,0,2025-10-01
승용,담양,법인,0,8,8,0,2025-10-01
승용,담양,택시,0,0,0,0,2025-10-01
승용,담양,일반,150,62,62,88,2025-10-01
승용,곡성,우선,0,23,23,0,2025-10-01
승용,곡성,법인,0,5,5,0,2025-10-01
승용,곡성,택시,0,0,0,0,2025-10-01
승용,곡성,일반,75,51,50,25,2025-10-01
승용,구례,우선,5,17,15,0,2025-10-01
승용,구례,법인,0,0,0,0,2025-10-01
승용,구례,택시,5,2,2,3,2025-10-01
승용,구례,일반,74,53,50,24,2025-10-01
승용,고흥,우선,10,25,22,0,2025-10-01
승용,고흥,법인,0,7,7,0,2025-10-01
승용,고흥,택시,10,2,1,9,2025-10-01
승용,고흥,일반,110,91,82,28,2025-10-01
승용,보성,우선,19,33,33,0,2025-10-01
승용,보성,법인,0,3,3,0,2025-10-01
승용,보성,택시,19,1,1,18,2025-10-01
승용,보성,일반,144,58,58,86,2025-10-01
승용,화순,우선,10,9,9,1,2025-10-01
승용,화순,법인,0,5,5,0,2025-10-01
승용,화순,택시,10,1,1,9,2025-10-01
승용,화순,일반,100,41,41,59,2025-10-01
승용,장흥,우선,9,19,19,0,2025-10-01
승용,장흥,법인,0,2,2,0,2025-10-01
승용,장흥,택시,9,1,1,8,2025-10-01
승용,장흥,일반,71,62,61,10,2025-10-01
승용,강진,우선,0,13,13,0,2025-10-01
승용,강진,법인,0,4,4,0,2025-10-01
승용,강진,택시,0,0,0,0,2025-10-01
승용,강진,일반,20,49,49,0,2025-10-01
승용,해남,우선,0,61,59,0,2025-10-01
승용,해남,법인,0,11,10,0,2025-10-01
승용,해남,택시,0,0,0,0,2025-10-01
승용,해남,일반,330,122,121,209,2025-10-01
승용,영암,우선,10,13,11,0,2025-10-01
승용,영암,법인,0,1,0,0,2025-10-01
승용,영암,택시,0,0,0,0,2025-10-01
승용,영암,일반,35,55,45,0,2025-10-01
승용,무안,우선,23,74,68,0,2025-10-01
승용,무안,법인,0,3,2,0,2025-10-01
승용,무안,택시,35,2,2,33,2025-10-01
승용,무안,일반,238,190,154,84,2025-10-01
승용,함평,우선,9,16,16,0,2025-10-01
승용,함평,법인,0,5,5,0,2025-10-01
승용,함평,택시,9,2,2,7,2025-10-01
승용,함평,일반,72,72,70,2,2025-10-01
승용,영광,우선,0,52,52,0,2025-10-01
승용,영광,법인,0,9,9,0,2025-10-01
승용,영광,택시,0,5,5,0,2025-10-01
승용,영광,일반,155,112,111,44,2025-10-01
승용,장성,우선,0,13,13,0,2025-10-01
승용,장성,법인,0,11,11,0,2025-10-01
승용,장성,택시,0,1,1,0,2025-10-01
승용,장성,일반,80,74,61,19,2025-10-01
승용,완도,우선,0,14,14,0,2025-10-01
승용,완도,법인,0,0,0,0,2025-10-01
승용,완도,택시,0,1,1,0,2025-10-01
승용,완도,일반,85,24,20,65,2025-10-01
승용,진도,우선,6,23,23,0,2025-10-01
승용,진도,법인,0,2,2,0,2025-10-01
승용,진도,택시,6,1,1,5,2025-10-01
승용,진도,일반,66,51,51,15,2025-10-01
승용,신안,우선,7,7,7,0,2025-10-01
승용,신안,법인,0,1,1,0,2025-10-01
승용,신안,택시,7,0,0,7,2025-10-01
승용,신안,일반,86,92,90,0,2025-10-01
승용,포항,우선,100,233,192,0,2025-10-01
승용,포항,법인,11,16,14,0,2025-10-01
승용,포항,택시,120,143,143,0,2025-10-01
승용,포항,일반,506,521,423,83,2025-10-01
승용,경주,우선,85,55,51,34,2025-10-01
승용,경주,법인,0,29,26,0,2025-10-01
승용,경주,택시,115,68,65,50,2025-10-01
승용,경주,일반,694,566,528,166,2025-10-01
승용,김천,우선,30,164,154,0,2025-10-01
승용,김천,법인,0,12,12,0,2025-10-01
승용,김천,택시,30,25,22,8,2025-10-01
승용,김천,일반,440,281,264,176,2025-10-01
승용,안동,우선,44,177,177,0,2025-10-01
승용,안동,법인,0,4,4,0,2025-10-01
승용,안동,택시,44,15,15,29,2025-10-01
승용,안동,일반,504,350,345,159,2025-10-01
승용,구미,우선,0,353,346,0,2025-10-01
승용,구미,법인,0,21,21,0,2025-10-01
승용,구미,택시,0,49,49,0,2025-10-01
승용,구미,일반,606,502,493,113,2025-10-01
승용,영주,우선,20,121,121,0,2025-10-01
승용,영주,법인,0,5,5,0,2025-10-01
승용,영주,택시,15,15,15,0,2025-10-01
승용,영주,일반,180,181,180,0,2025-10-01
승용,영천,우선,60,110,104,0,2025-10-01
승용,영천,법인,0,14,13,0,2025-10-01
승용,영천,택시,60,13,13,47,2025-10-01
승용,영천,일반,479,193,184,295,2025-10-01
승용,상주,우선,45,59,59,0,2025-10-01
승용,상주,법인,0,10,9,0,2025-10-01
승용,상주,택시,45,10,10,35,2025-10-01
승용,상주,일반,410,157,135,275,2025-10-01
승용,문경,우선,18,46,42,0,2025-10-01
승용,문경,법인,0,6,6,0,2025-10-01
승용,문경,택시,36,2,1,35,2025-10-01
승용,문경,일반,126,106,102,24,2025-10-01
승용,경산,우선,30,204,203,0,2025-10-01
승용,경산,법인,2,17,17,0,2025-10-01
승용,경산,택시,2,23,23,0,2025-10-01
승용,경산,일반,166,349,344,0,2025-10-01
승용,의성,우선,16,37,36,0,2025-10-01
승용,의성,법인,0,5,5,0,2025-10-01
승용,의성,택시,16,2,2,14,2025-10-01
승용,의성,일반,122,89,84,38,2025-10-01
승용,청송,우선,0,10,10,0,2025-10-01
승용,청송,법인,0,1,1,0,2025-10-01
승용,청송,택시,0,0,0,0,2025-10-01
승용,청송,일반,0,47,47,0,2025-10-01
승용,영양,우선,7,11,9,0,2025-10-01
승용,영양,법인,0,0,0,0,2025-10-01
승용,영양,택시,7,0,0,7,2025-10-01
승용,영양,일반,21,29,28,0,2025-10-01
승용,영덕,우선,10,21,21,0,2025-10-01
승용,영덕,법인,0,5,5,0,2025-10-01
승용,영덕,택시,10,1,1,9,2025-10-01
승용,영덕,일반,100,65,64,36,2025-10-01
승용,고령,우선,32,33,32,0,2025-10-01
승용,고령,법인,0,7,6,0,2025-10-01
승용,고령,택시,0,0,0,0,2025-10-01
승용,고령,일반,48,57,48,0,2025-10-01
승용,성주,우선,10,31,28,0,2025-10-01
승용,성주,법인,0,10,10,0,2025-10-01
승용,성주,택시,10,0,0,10,2025-10-01
승용,성주,일반,90,92,82,8,2025-10-01
승용,칠곡,우선,40,103,103,0,2025-10-01
승용,칠곡,법인,0,18,18,0,2025-10-01
승용,칠곡,택시,40,23,23,17,2025-10-01
승용,칠곡,일반,320,235,234,86,2025-10-01
승용,예천,우선,27,97,92,0,2025-10-01
승용,예천,법인,0,0,0,0,2025-10-01
승용,예천,택시,27,1,1,26,2025-10-01
승용,예천,일반,246,135,129,117,2025-10-01
승용,봉화,우선,7,20,20,0,2025-10-01
승용,봉화,법인,0,0,0,0,2025-10-01
승용,봉화,택시,7,2,2,5,2025-10-01
승용,봉화,일반,56,48,47,9,2025-10-01
승용,울진,우선,0,48,46,0,2025-10-01
승용,울진,법인,0,2,2,0,2025-10-01
승용,울진,택시,0,1,0,0,2025-10-01
승용,울진,일반,173,95,85,88,2025-10-01
승용,울릉,우선,20,32,32,0,2025-10-01
승용,울릉,법인,0,1,1,0,2025-10-01
승용,울릉,택시,20,0,0,20,2025-10-01
승용,울릉,일반,70,69,69,1,2025-10-01
승용,창원,우선,155,385,329,0,2025-10-01
승용,창원,법인,0,13,10,0,2025-10-01
승용,창원,택시,175,156,147,28,2025-10-01
승용,창원,일반,1920,1985,1838,82,2025-10-01
승용,진주,우선,60,77,60,0,2025-10-01
승용,진주,법인,0,9,7,0,2025-10-01
승용,진주,택시,60,37,30,30,2025-10-01
승용,진주,일반,730,680,563,167,2025-10-01
승용,통영,우선,39,57,57,0,2025-10-01
승용,통영,법인,0,2,2,0,2025-10-01
승용,통영,택시,39,24,24,15,2025-10-01
승용,통영,일반,355,102,102,253,2025-10-01
승용,사천,우선,48,94,91,0,2025-10-01
승용,사천,법인,0,2,2,0,2025-10-01
승용,사천,택시,48,10,9,39,2025-10-01
승용,사천,일반,384,161,158,226,2025-10-01
승용,김해,우선,70,91,85,0,2025-10-01
승용,김해,법인,0,49,46,0,2025-10-01
승용,김해,택시,120,109,104,16,2025-10-01
승용,김해,일반,1467,1402,1297,170,2025-10-01
승용,밀양,우선,27,37,35,0,2025-10-01
승용,밀양,법인,0,6,5,0,2025-10-01
승용,밀양,택시,27,19,18,9,2025-10-01
승용,밀양,일반,498,230,212,286,2025-10-01
승용,거제,우선,0,164,153,0,2025-10-01
승용,거제,법인,0,9,8,0,2025-10-01
승용,거제,택시,0,30,23,0,2025-10-01
승용,거제,일반,600,310,269,331,2025-10-01
승용,양산,우선,220,125,114,106,2025-10-01
승용,양산,법인,0,21,19,0,2025-10-01
승용,양산,택시,60,28,28,32,2025-10-01
승용,양산,일반,748,871,826,0,2025-10-01
승용,의령,우선,6,14,14,0,2025-10-01
승용,의령,법인,0,3,3,0,2025-10-01
승용,의령,택시,6,0,0,6,2025-10-01
승용,의령,일반,54,43,43,11,2025-10-01
승용,함안,우선,30,50,49,0,2025-10-01
승용,함안,법인,0,20,18,0,2025-10-01
승용,함안,택시,30,4,3,27,2025-10-01
승용,함안,일반,230,102,93,137,2025-10-01
승용,창녕,우선,0,44,43,0,2025-10-01
승용,창녕,법인,0,5,5,0,2025-10-01
승용,창녕,택시,0,1,1,0,2025-10-01
승용,창녕,일반,122,131,130,0,2025-10-01
승용,고성(경남),우선,16,25,24,0,2025-10-01
승용,고성(경남),법인,0,6,6,0,2025-10-01
승용,고성(경남),택시,16,1,1,15,2025-10-01
승용,고성(경남),일반,182,71,65,117,2025-10-01
승용,남해,우선,0,16,15,0,2025-10-01
승용,남해,법인,0,2,1,0,2025-10-01
승용,남해,택시,0,1,1,0,2025-10-01
승용,남해,일반,296,54,51,245,2025-10-01
승용,하동,우선,5,5,5,0,2025-10-01
승용,하동,법인,0,0,0,0,2025-10-01
승용,하동,택시,5,2,2,3,2025-10-01
승용,하동,일반,182,63,61,121,2025-10-01
승용,산청,우선,12,8,8,4,2025-10-01
승용,산청,법인,0,0,0,0,2025-10-01
승용,산청,택시,12,0,0,12,2025-10-01
승용,산청,일반,177,55,49,128,2025-10-01
승용,함양,우선,0,19,19,0,2025-10-01
승용,함양,법인,0,3,3,0,2025-10-01
승용,함양,택시,0,0,0,0,2025-10-01
승용,함양,일반,96,36,34,62,2025-10-01
승용,거창,우선,13,26,26,0,2025-10-01
승용,거창,법인,0,4,4,0,2025-10-01
승용,거창,택시,13,2,2,11,2025-10-01
승용,거창,일반,100,83,82,18,2025-10-01
승용,합천,우선,0,44,37,0,2025-10-01
승용,합천,법인,0,7,7,0,2025-10-01
승용,합천,택시,0,4,3,0,2025-10-01
승용,합천,일반,121,119,103,18,2025-10-01
승용,제주,우선,300,1359,1250,0,2025-10-01
승용,제주,법인,100,73,67,33,2025-10-01
승용,제주,택시,300,296,277,23,2025-10-01
승용,제주,일반,3200,1242,1135,2065,2025-10-01
승용,한국환경공단,우선,0,948,797,0,2025-10-01
승용,한국환경공단,법인,0,29330,26216,0,2025-10-01
승용,한국환경공단,택시,0,66,50,0,2025-10-01
승용,한국환경공단,일반,31017,1985,1640,29377,2025-10-01
화물,서울,우선,0,354,286,0,2025-10-01
화물,서울,중소,0,335,312,0,2025-10-01
화물,서울,법인,0,75,58,0,2025-10-01
화물,서울,택배,0,70,64,0,2025-10-01
화물,서울,일반,1000,110,86,914,2025-10-01
화물,부산,우선,690,577,539,151,2025-10-01
화물,부산,중소,80,47,42,38,2025-10-01
화물,부산,법인,0,92,87,0,2025-10-01
화물,부산,택배,150,66,46,104,2025-10-01
화물,부산,일반,541,110,101,440,2025-10-01
화물,대구,우선,145,369,301,0,2025-10-01
화물,대구,중소,70,252,230,0,2025-10-01
화물,대구,법인,0,17,16,0,2025-10-01
화물,대구,택배,100,72,63,37,2025-10-01
화물,대구,일반,300,72,52,248,2025-10-01
화물,인천,우선,0,398,332,0,2025-10-01
화물,인천,중소,0,294,269,0,2025-10-01
화물,인천,법인,0,60,54,0,2025-10-01
화물,인천,택배,0,222,213,0,2025-10-01
화물,인천,일반,1100,141,121,979,2025-10-01
화물,광주,우선,0,123,115,0,2025-10-01
화물,광주,중소,0,79,76,0,2025-10-01
화물,광주,법인,0,22,21,0,2025-10-01
화물,광주,택배,36,19,19,17,2025-10-01
화물,광주,일반,301,95,90,211,2025-10-01
화물,대전,우선,0,130,118,0,2025-10-01
화물,대전,중소,0,160,144,0,2025-10-01
화물,대전,법인,0,21,15,0,2025-10-01
화물,대전,택배,0,55,51,0,2025-10-01
화물,대전,일반,375,42,35,340,2025-10-01
화물,울산,우선,0,137,132,0,2025-10-01
화물,울산,중소,0,105,95,0,2025-10-01
화물,울산,법인,0,29,27,0,2025-10-01
화물,울산,택배,0,12,12,0,2025-10-01
화물,울산,일반,539,38,37,502,2025-10-01
화물,세종,우선,21,24,21,0,2025-10-01
화물,세종,중소,4,31,29,0,2025-10-01
화물,세종,법인,0,1,1,0,2025-10-01
화물,세종,택배,8,10,10,0,2025-10-01
화물,세종,일반,41,15,13,28,2025-10-01
화물,수원,우선,11,12,12,0,2025-10-01
화물,수원,중소,11,14,14,0,2025-10-01
화물,수원,법인,0,2,2,0,2025-10-01
화물,수원,택배,11,18,18,0,2025-10-01
화물,수원,일반,187,178,173,14,2025-10-01
화물,성남,우선,0,39,33,0,2025-10-01
화물,성남,중소,0,61,56,0,2025-10-01
화물,성남,법인,0,9,7,0,2025-10-01
화물,성남,택배,0,7,6,0,2025-10-01
화물,성남,일반,369,21,21,348,2025-10-01
화물,의정부,우선,15,52,44,0,2025-10-01
화물,의정부,중소,15,32,30,0,2025-10-01
화물,의정부,법인,0,4,3,0,2025-10-01
화물,의정부,택배,30,22,22,8,2025-10-01
화물,의정부,일반,88,34,26,62,2025-10-01
화물,안양,우선,21,40,34,0,2025-10-01
화물,안양,중소,21,26,22,0,2025-10-01
화물,안양,법인,0,9,8,0,2025-10-01
화물,안양,택배,42,6,5,37,2025-10-01
화물,안양,일반,125,25,20,105,2025-10-01
화물,부천,우선,5,28,26,0,2025-10-01
화물,부천,중소,3,8,8,0,2025-10-01
화물,부천,법인,0,4,4,0,2025-10-01
화물,부천,택배,6,8,8,0,2025-10-01
화물,부천,일반,26,6,3,23,2025-10-01
화물,광명,우선,0,35,23,0,2025-10-01
화물,광명,중소,0,20,18,0,2025-10-01
화물,광명,법인,0,12,10,0,2025-10-01
화물,광명,택배,0,10,10,0,2025-10-01
화물,광명,일반,95,9,6,89,2025-10-01
화물,평택,우선,0,103,78,0,2025-10-01
화물,평택,중소,0,75,68,0,2025-10-01
화물,평택,법인,0,34,29,0,2025-10-01
화물,평택,택배,0,24,22,0,2025-10-01
화물,평택,일반,63,75,60,3,2025-10-01
화물,동두천,우선,10,9,9,1,2025-10-01
화물,동두천,중소,8,4,4,4,2025-10-01
화물,동두천,법인,0,1,1,0,2025-10-01
화물,동두천,택배,12,4,4,8,2025-10-01
화물,동두천,일반,26,9,8,18,2025-10-01
화물,안산,우선,20,38,28,0,2025-10-01
화물,안산,중소,20,61,58,0,2025-10-01
화물,안산,법인,0,26,24,0,2025-10-01
화물,안산,택배,40,28,25,15,2025-10-01
화물,안산,일반,140,72,63,77,2025-10-01
화물,고양,우선,35,135,109,0,2025-10-01
화물,고양,중소,35,95,90,0,2025-10-01
화물,고양,법인,0,13,11,0,2025-10-01
화물,고양,택배,70,21,18,52,2025-10-01
화물,고양,일반,210,62,52,158,2025-10-01
화물,과천,우선,0,4,4,0,2025-10-01
화물,과천,중소,0,2,2,0,2025-10-01
화물,과천,법인,0,4,3,0,2025-10-01
화물,과천,택배,0,0,0,0,2025-10-01
화물,과천,일반,34,1,1,33,2025-10-01
화물,구리,우선,0,21,17,0,2025-10-01
화물,구리,중소,0,17,16,0,2025-10-01
화물,구리,법인,0,3,3,0,2025-10-01
화물,구리,택배,0,8,8,0,2025-10-01
화물,구리,일반,65,8,4,61,2025-10-01
화물,남양주,우선,20,164,121,0,2025-10-01
화물,남양주,중소,20,116,106,0,2025-10-01
화물,남양주,법인,0,26,19,0,2025-10-01
화물,남양주,택배,40,25,24,16,2025-10-01
화물,남양주,일반,309,55,39,270,2025-10-01
화물,오산,우선,0,48,35,0,2025-10-01
화물,오산,중소,0,37,33,0,2025-10-01
화물,오산,법인,0,7,5,0,2025-10-01
화물,오산,택배,22,12,11,11,2025-10-01
화물,오산,일반,117,12,10,107,2025-10-01
화물,시흥,우선,14,51,41,0,2025-10-01
화물,시흥,중소,14,35,31,0,2025-10-01
화물,시흥,법인,0,30,27,0,2025-10-01
화물,시흥,택배,27,20,19,8,2025-10-01
화물,시흥,일반,179,100,93,86,2025-10-01
화물,군포,우선,5,18,15,0,2025-10-01
화물,군포,중소,5,25,21,0,2025-10-01
화물,군포,법인,0,8,6,0,2025-10-01
화물,군포,택배,10,7,6,4,2025-10-01
화물,군포,일반,50,4,4,46,2025-10-01
화물,의왕,우선,5,17,14,0,2025-10-01
화물,의왕,중소,5,8,7,0,2025-10-01
화물,의왕,법인,0,7,4,0,2025-10-01
화물,의왕,택배,10,3,3,7,2025-10-01
화물,의왕,일반,30,10,6,24,2025-10-01
화물,하남,우선,28,33,27,1,2025-10-01
화물,하남,중소,28,23,22,6,2025-10-01
화물,하남,법인,0,7,7,0,2025-10-01
화물,하남,택배,55,4,4,51,2025-10-01
화물,하남,일반,152,53,38,114,2025-10-01
화물,용인,우선,50,89,72,0,2025-10-01
화물,용인,중소,20,112,99,0,2025-10-01
화물,용인,법인,0,19,18,0,2025-10-01
화물,용인,택배,20,12,11,9,2025-10-01
화물,용인,일반,140,33,30,110,2025-10-01
화물,파주,우선,36,77,73,0,2025-10-01
화물,파주,중소,36,81,77,0,2025-10-01
화물,파주,법인,0,24,22,0,2025-10-01
화물,파주,택배,72,17,17,55,2025-10-01
화물,파주,일반,216,74,50,166,2025-10-01
화물,이천,우선,13,26,22,0,2025-10-01
화물,이천,중소,13,43,41,0,2025-10-01
화물,이천,법인,0,11,11,0,2025-10-01
화물,이천,택배,38,5,5,33,2025-10-01
화물,이천,일반,86,31,27,59,2025-10-01
화물,안성,우선,61,9,7,54,2025-10-01
화물,안성,중소,8,25,21,0,2025-10-01
화물,안성,법인,0,20,17,0,2025-10-01
화물,안성,택배,16,7,7,9,2025-10-01
화물,안성,일반,48,68,62,0,2025-10-01
화물,김포,우선,0,100,84,0,2025-10-01
화물,김포,중소,0,80,74,0,2025-10-01
화물,김포,법인,0,17,16,0,2025-10-01
화물,김포,택배,0,23,21,0,2025-10-01
화물,김포,일반,448,39,32,416,2025-10-01
화물,화성,우선,51,72,63,0,2025-10-01
화물,화성,중소,51,71,67,0,2025-10-01
화물,화성,법인,0,86,77,0,2025-10-01
화물,화성,택배,102,30,28,74,2025-10-01
화물,화성,일반,303,263,198,105,2025-10-01
화물,광주(경기),우선,0,66,58,0,2025-10-01
화물,광주(경기),중소,0,72,65,0,2025-10-01
화물,광주(경기),법인,0,18,17,0,2025-10-01
화물,광주(경기),택배,0,11,11,0,2025-10-01
화물,광주(경기),일반,170,37,31,139,2025-10-01
화물,양주,우선,80,95,82,0,2025-10-01
화물,양주,중소,20,37,34,0,2025-10-01
화물,양주,법인,20,13,12,8,2025-10-01
화물,양주,택배,40,25,25,15,2025-10-01
화물,양주,일반,60,42,38,22,2025-10-01
화물,포천,우선,16,21,21,0,2025-10-01
화물,포천,중소,14,19,19,0,2025-10-01
화물,포천,법인,14,14,12,2,2025-10-01
화물,포천,택배,30,6,6,24,2025-10-01
화물,포천,일반,77,57,53,24,2025-10-01
화물,여주,우선,15,32,29,0,2025-10-01
화물,여주,중소,15,40,32,0,2025-10-01
화물,여주,법인,0,5,5,0,2025-10-01
화물,여주,택배,30,0,0,30,2025-10-01
화물,여주,일반,90,20,18,72,2025-10-01
화물,연천,우선,11,13,9,2,2025-10-01
화물,연천,중소,11,9,7,4,2025-10-01
화물,연천,법인,0,1,1,0,2025-10-01
화물,연천,택배,0,1,1,0,2025-10-01
화물,연천,일반,84,11,10,74,2025-10-01
화물,가평,우선,3,12,12,0,2025-10-01
화물,가평,중소,3,16,12,0,2025-10-01
화물,가평,법인,0,2,2,0,2025-10-01
화물,가평,택배,6,0,0,6,2025-10-01
화물,가평,일반,18,2,0,18,2025-10-01
화물,양평,우선,0,38,35,0,2025-10-01
화물,양평,중소,0,45,39,0,2025-10-01
화물,양평,법인,0,3,3,0,2025-10-01
화물,양평,택배,0,9,8,0,2025-10-01
화물,양평,일반,150,19,17,133,2025-10-01
화물,춘천,우선,10,35,33,0,2025-10-01
화물,춘천,중소,10,30,21,0,2025-10-01
화물,춘천,법인,0,9,8,0,2025-10-01
화물,춘천,택배,20,4,4,16,2025-10-01
화물,춘천,일반,110,59,54,56,2025-10-01
화물,원주,우선,8,55,49,0,2025-10-01
화물,원주,중소,8,60,56,0,2025-10-01
화물,원주,법인,0,10,10,0,2025-10-01
화물,원주,택배,16,7,7,9,2025-10-01
화물,원주,일반,118,15,14,104,2025-10-01
화물,강릉,우선,11,19,18,0,2025-10-01
화물,강릉,중소,6,32,32,0,2025-10-01
화물,강릉,법인,1,8,7,0,2025-10-01
화물,강릉,택배,11,4,3,8,2025-10-01
화물,강릉,일반,81,42,34,47,2025-10-01
화물,동해,우선,7,3,3,4,2025-10-01
화물,동해,중소,7,8,7,0,2025-10-01
화물,동해,법인,0,2,2,0,2025-10-01
화물,동해,택배,14,4,4,10,2025-10-01
화물,동해,일반,28,17,15,13,2025-10-01
화물,태백,우선,3,7,6,0,2025-10-01
화물,태백,중소,0,5,4,0,2025-10-01
화물,태백,법인,1,1,1,0,2025-10-01
화물,태백,택배,4,6,6,0,2025-10-01
화물,태백,일반,26,2,2,24,2025-10-01
화물,속초,우선,10,11,11,0,2025-10-01
화물,속초,중소,10,11,10,0,2025-10-01
화물,속초,법인,0,2,2,0,2025-10-01
화물,속초,택배,20,1,1,19,2025-10-01
화물,속초,일반,37,3,3,34,2025-10-01
화물,삼척,우선,7,11,11,0,2025-10-01
화물,삼척,중소,7,11,8,0,2025-10-01
화물,삼척,법인,0,3,3,0,2025-10-01
화물,삼척,택배,7,3,3,4,2025-10-01
화물,삼척,일반,38,2,2,36,2025-10-01
화물,홍천,우선,9,10,8,1,2025-10-01
화물,홍천,중소,9,13,11,0,2025-10-01
화물,홍천,법인,0,1,1,0,2025-10-01
화물,홍천,택배,18,1,1,17,2025-10-01
화물,홍천,일반,54,22,20,34,2025-10-01
화물,횡성,우선,0,6,4,0,2025-10-01
화물,횡성,중소,0,9,7,0,2025-10-01
화물,횡성,법인,0,3,3,0,2025-10-01
화물,횡성,택배,0,1,1,0,2025-10-01
화물,횡성,일반,44,16,14,30,2025-10-01
화물,영월,우선,40,9,9,31,2025-10-01
화물,영월,중소,0,7,7,0,2025-10-01
화물,영월,법인,0,1,0,0,2025-10-01
화물,영월,택배,0,0,0,0,2025-10-01
화물,영월,일반,0,8,6,0,2025-10-01
화물,평창,우선,2,2,2,0,2025-10-01
화물,평창,중소,2,12,12,0,2025-10-01
화물,평창,법인,0,1,1,0,2025-10-01
화물,평창,택배,4,0,0,4,2025-10-01
화물,평창,일반,12,10,8,4,2025-10-01
화물,정선,우선,3,3,2,1,2025-10-01
화물,정선,중소,3,7,7,0,2025-10-01
화물,정선,법인,1,1,1,0,2025-10-01
화물,정선,택배,4,0,0,4,2025-10-01
화물,정선,일반,9,8,7,2,2025-10-01
화물,철원,우선,0,16,16,0,2025-10-01
화물,철원,중소,0,7,5,0,2025-10-01
화물,철원,법인,0,0,0,0,2025-10-01
화물,철원,택배,0,0,0,0,2025-10-01
화물,철원,일반,60,23,22,38,2025-10-01
화물,화천,우선,3,4,3,0,2025-10-01
화물,화천,중소,3,5,4,0,2025-10-01
화물,화천,법인,0,0,0,0,2025-10-01
화물,화천,택배,6,1,1,5,2025-10-01
화물,화천,일반,16,14,12,4,2025-10-01
화물,양구,우선,0,7,6,0,2025-10-01
화물,양구,중소,0,0,0,0,2025-10-01
화물,양구,법인,0,0,0,0,2025-10-01
화물,양구,택배,0,3,3,0,2025-10-01
화물,양구,일반,30,13,11,19,2025-10-01
화물,인제,우선,2,10,9,0,2025-10-01
화물,인제,중소,2,10,9,0,2025-10-01
화물,인제,법인,0,0,0,0,2025-10-01
화물,인제,택배,4,0,0,4,2025-10-01
화물,인제,일반,12,2,1,11,2025-10-01
화물,고성,우선,2,7,5,0,2025-10-01
화물,고성,중소,2,9,7,0,2025-10-01
화물,고성,법인,0,0,0,0,2025-10-01
화물,고성,택배,3,0,0,3,2025-10-01
화물,고성,일반,13,3,3,10,2025-10-01
화물,양양,우선,0,4,4,0,2025-10-01
화물,양양,중소,0,0,0,0,2025-10-01
화물,양양,법인,0,0,0,0,2025-10-01
화물,양양,택배,0,1,1,0,2025-10-01
화물,양양,일반,25,11,9,16,2025-10-01
화물,청주,우선,80,116,107,0,2025-10-01
화물,청주,중소,80,149,137,0,2025-10-01
화물,청주,법인,0,31,24,0,2025-10-01
화물,청주,택배,160,26,24,136,2025-10-01
화물,청주,일반,430,169,106,324,2025-10-01
화물,충주,우선,25,109,90,0,2025-10-01
화물,충주,중소,25,38,34,0,2025-10-01
화물,충주,법인,0,5,4,0,2025-10-01
화물,충주,택배,25,8,8,17,2025-10-01
화물,충주,일반,354,21,16,338,2025-10-01
화물,제천,우선,39,63,46,0,2025-10-01
화물,제천,중소,39,20,20,19,2025-10-01
화물,제천,법인,0,4,4,0,2025-10-01
화물,제천,택배,78,3,2,76,2025-10-01
화물,제천,일반,234,21,17,217,2025-10-01
화물,보은,우선,9,10,9,0,2025-10-01
화물,보은,중소,9,7,6,3,2025-10-01
화물,보은,법인,0,3,3,0,2025-10-01
화물,보은,택배,18,3,2,16,2025-10-01
화물,보은,일반,54,51,50,4,2025-10-01
화물,옥천,우선,6,20,17,0,2025-10-01
화물,옥천,중소,6,14,13,0,2025-10-01
화물,옥천,법인,0,2,2,0,2025-10-01
화물,옥천,택배,12,4,4,8,2025-10-01
화물,옥천,일반,36,10,7,29,2025-10-01
화물,영동,우선,30,17,17,13,2025-10-01
화물,영동,중소,15,14,14,1,2025-10-01
화물,영동,법인,0,4,4,0,2025-10-01
화물,영동,택배,15,1,1,14,2025-10-01
화물,영동,일반,90,45,43,47,2025-10-01
화물,증평,우선,5,6,5,0,2025-10-01
화물,증평,중소,5,5,4,1,2025-10-01
화물,증평,법인,0,1,1,0,2025-10-01
화물,증평,택배,9,2,2,7,2025-10-01
화물,증평,일반,26,4,2,24,2025-10-01
화물,진천,우선,16,31,28,0,2025-10-01
화물,진천,중소,16,16,14,2,2025-10-01
화물,진천,법인,0,6,5,0,2025-10-01
화물,진천,택배,32,4,4,28,2025-10-01
화물,진천,일반,16,21,19,0,2025-10-01
화물,괴산,우선,10,17,16,0,2025-10-01
화물,괴산,중소,10,19,15,0,2025-10-01
화물,괴산,법인,0,1,1,0,2025-10-01
화물,괴산,택배,10,0,0,10,2025-10-01
화물,괴산,일반,50,8,7,43,2025-10-01
화물,음성,우선,0,43,39,0,2025-10-01
화물,음성,중소,3,23,20,0,2025-10-01
화물,음성,법인,0,8,8,0,2025-10-01
화물,음성,택배,8,0,0,8,2025-10-01
화물,음성,일반,109,15,14,95,2025-10-01
화물,단양,우선,4,18,17,0,2025-10-01
화물,단양,중소,5,2,2,3,2025-10-01
화물,단양,법인,0,1,1,0,2025-10-01
화물,단양,택배,14,0,0,14,2025-10-01
화물,단양,일반,17,7,5,12,2025-10-01
화물,천안,우선,40,139,101,0,2025-10-01
화물,천안,중소,40,101,100,0,2025-10-01
화물,천안,법인,0,38,35,0,2025-10-01
화물,천안,택배,80,39,38,42,2025-10-01
화물,천안,일반,240,126,118,122,2025-10-01
화물,공주,우선,6,23,23,0,2025-10-01
화물,공주,중소,6,22,22,0,2025-10-01
화물,공주,법인,0,5,5,0,2025-10-01
화물,공주,택배,12,5,5,7,2025-10-01
화물,공주,일반,78,56,54,24,2025-10-01
화물,보령,우선,4,23,23,0,2025-10-01
화물,보령,중소,4,11,11,0,2025-10-01
화물,보령,법인,0,5,5,0,2025-10-01
화물,보령,택배,8,1,1,7,2025-10-01
화물,보령,일반,81,71,71,10,2025-10-01
화물,아산,우선,30,60,42,0,2025-10-01
화물,아산,중소,30,103,99,0,2025-10-01
화물,아산,법인,0,36,34,0,2025-10-01
화물,아산,택배,23,21,20,3,2025-10-01
화물,아산,일반,166,104,95,71,2025-10-01
화물,서산,우선,0,64,61,0,2025-10-01
화물,서산,중소,0,25,25,0,2025-10-01
화물,서산,법인,0,10,10,0,2025-10-01
화물,서산,택배,0,2,2,0,2025-10-01
화물,서산,일반,147,65,57,90,2025-10-01
화물,논산,우선,8,49,47,0,2025-10-01
화물,논산,중소,0,24,23,0,2025-10-01
화물,논산,법인,0,4,4,0,2025-10-01
화물,논산,택배,0,5,3,0,2025-10-01
화물,논산,일반,125,65,63,62,2025-10-01
화물,계룡,우선,7,8,8,0,2025-10-01
화물,계룡,중소,6,11,11,0,2025-10-01
화물,계룡,법인,0,1,1,0,2025-10-01
화물,계룡,택배,10,3,3,7,2025-10-01
화물,계룡,일반,25,18,18,7,2025-10-01
화물,당진,우선,15,109,109,0,2025-10-01
화물,당진,중소,15,7,7,8,2025-10-01
화물,당진,법인,0,9,9,0,2025-10-01
화물,당진,택배,30,1,1,29,2025-10-01
화물,당진,일반,116,58,58,58,2025-10-01
화물,금산,우선,14,31,24,0,2025-10-01
화물,금산,중소,10,24,22,0,2025-10-01
화물,금산,법인,0,3,2,0,2025-10-01
화물,금산,택배,16,3,3,13,2025-10-01
화물,금산,일반,59,11,9,50,2025-10-01
화물,부여,우선,19,38,38,0,2025-10-01
화물,부여,중소,19,30,28,0,2025-10-01
화물,부여,법인,0,2,2,0,2025-10-01
화물,부여,택배,38,2,2,36,2025-10-01
화물,부여,일반,114,32,32,82,2025-10-01
화물,서천,우선,0,33,32,0,2025-10-01
화물,서천,중소,0,17,14,0,2025-10-01
화물,서천,법인,0,2,2,0,2025-10-01
화물,서천,택배,0,1,1,0,2025-10-01
화물,서천,일반,88,13,11,77,2025-10-01
화물,청양,우선,0,22,22,0,2025-10-01
화물,청양,중소,0,6,6,0,2025-10-01
화물,청양,법인,0,0,0,0,2025-10-01
화물,청양,택배,0,0,0,0,2025-10-01
화물,청양,일반,62,13,13,49,2025-10-01
화물,홍성,우선,15,50,48,0,2025-10-01
화물,홍성,중소,15,21,18,0,2025-10-01
화물,홍성,법인,0,4,4,0,2025-10-01
화물,홍성,택배,29,7,5,24,2025-10-01
화물,홍성,일반,86,40,38,48,2025-10-01
화물,예산,우선,22,45,37,0,2025-10-01
화물,예산,중소,12,28,27,0,2025-10-01
화물,예산,법인,2,7,7,0,2025-10-01
화물,예산,택배,1,3,2,0,2025-10-01
화물,예산,일반,108,58,54,54,2025-10-01
화물,태안,우선,9,14,14,0,2025-10-01
화물,태안,중소,9,10,9,0,2025-10-01
화물,태안,법인,0,3,2,0,2025-10-01
화물,태안,택배,18,2,2,16,2025-10-01
화물,태안,일반,89,50,49,40,2025-10-01
화물,전주,우선,2,7,0,2,2025-10-01
화물,전주,중소,2,6,0,2,2025-10-01
화물,전주,법인,0,9,5,0,2025-10-01
화물,전주,택배,4,9,4,0,2025-10-01
화물,전주,일반,34,44,34,0,2025-10-01
화물,군산,우선,45,66,57,0,2025-10-01
화물,군산,중소,26,56,46,0,2025-10-01
화물,군산,법인,8,11,8,0,2025-10-01
화물,군산,택배,8,16,15,0,2025-10-01
화물,군산,일반,106,39,35,71,2025-10-01
화물,익산,우선,10,26,26,0,2025-10-01
화물,익산,중소,10,27,26,0,2025-10-01
화물,익산,법인,0,4,4,0,2025-10-01
화물,익산,택배,20,22,21,0,2025-10-01
화물,익산,일반,60,44,43,17,2025-10-01
화물,정읍,우선,10,63,60,0,2025-10-01
화물,정읍,중소,10,1,1,9,2025-10-01
화물,정읍,법인,0,2,2,0,2025-10-01
화물,정읍,택배,20,8,8,12,2025-10-01
화물,정읍,일반,117,31,28,89,2025-10-01
화물,남원,우선,0,46,40,0,2025-10-01
화물,남원,중소,0,22,22,0,2025-10-01
화물,남원,법인,0,2,2,0,2025-10-01
화물,남원,택배,0,6,6,0,2025-10-01
화물,남원,일반,292,34,33,259,2025-10-01
화물,김제,우선,14,52,51,0,2025-10-01
화물,김제,중소,14,13,13,1,2025-10-01
화물,김제,법인,0,0,0,0,2025-10-01
화물,김제,택배,28,3,3,25,2025-10-01
화물,김제,일반,202,50,49,153,2025-10-01
화물,완주,우선,9,9,9,0,2025-10-01
화물,완주,중소,10,13,9,1,2025-10-01
화물,완주,법인,7,10,8,0,2025-10-01
화물,완주,택배,9,7,7,2,2025-10-01
화물,완주,일반,59,61,46,13,2025-10-01
화물,진안,우선,2,6,6,0,2025-10-01
화물,진안,중소,2,7,7,0,2025-10-01
화물,진안,법인,0,2,2,0,2025-10-01
화물,진안,택배,4,0,0,4,2025-10-01
화물,진안,일반,14,4,4,10,2025-10-01
화물,무주,우선,3,3,3,0,2025-10-01
화물,무주,중소,3,2,2,1,2025-10-01
화물,무주,법인,0,1,1,0,2025-10-01
화물,무주,택배,7,0,0,7,2025-10-01
화물,무주,일반,33,7,6,27,2025-10-01
화물,장수,우선,5,6,6,0,2025-10-01
화물,장수,중소,5,10,9,0,2025-10-01
화물,장수,법인,0,2,2,0,2025-10-01
화물,장수,택배,9,5,5,4,2025-10-01
화물,장수,일반,38,13,12,26,2025-10-01
화물,임실,우선,5,5,5,0,2025-10-01
화물,임실,중소,0,1,1,0,2025-10-01
화물,임실,법인,0,1,1,0,2025-10-01
화물,임실,택배,0,0,0,0,2025-10-01
화물,임실,일반,20,13,9,11,2025-10-01
화물,순창,우선,4,6,6,0,2025-10-01
화물,순창,중소,4,5,5,0,2025-10-01
화물,순창,법인,0,0,0,0,2025-10-01
화물,순창,택배,4,1,1,3,2025-10-01
화물,순창,일반,21,13,13,8,2025-10-01
화물,고창,우선,10,14,14,0,2025-10-01
화물,고창,중소,10,7,7,3,2025-10-01
화물,고창,법인,0,2,2,0,2025-10-01
화물,고창,택배,20,6,6,14,2025-10-01
화물,고창,일반,61,35,32,29,2025-10-01
화물,부안,우선,10,23,21,0,2025-10-01
화물,부안,중소,10,20,20,0,2025-10-01
화물,부안,법인,0,2,2,0,2025-10-01
화물,부안,택배,20,0,0,20,2025-10-01
화물,부안,일반,77,46,42,35,2025-10-01
화물,목포,우선,2,2,2,0,2025-10-01
화물,목포,중소,2,6,4,0,2025-10-01
화물,목포,법인,0,3,3,0,2025-10-01
화물,목포,택배,4,6,4,0,2025-10-01
화물,목포,일반,12,10,10,2,2025-10-01
화물,여수,우선,15,31,30,0,2025-10-01
화물,여수,중소,15,20,19,0,2025-10-01
화물,여수,법인,0,9,8,0,2025-10-01
화물,여수,택배,30,21,20,10,2025-10-01
화물,여수,일반,90,27,24,66,2025-10-01
화물,순천,우선,14,14,14,0,2025-10-01
화물,순천,중소,0,0,0,0,2025-10-01
화물,순천,법인,0,10,10,0,2025-10-01
화물,순천,택배,27,9,9,18,2025-10-01
화물,순천,일반,109,92,89,20,2025-10-01
화물,나주,우선,0,12,12,0,2025-10-01
화물,나주,중소,0,15,15,0,2025-10-01
화물,나주,법인,0,6,6,0,2025-10-01
화물,나주,택배,0,3,3,0,2025-10-01
화물,나주,일반,25,40,40,0,2025-10-01
화물,광양,우선,10,12,12,0,2025-10-01
화물,광양,중소,10,5,3,7,2025-10-01
화물,광양,법인,0,5,5,0,2025-10-01
화물,광양,택배,20,2,2,18,2025-10-01
화물,광양,일반,60,59,58,2,2025-10-01
화물,담양,우선,3,15,15,0,2025-10-01
화물,담양,중소,3,3,3,0,2025-10-01
화물,담양,법인,0,4,4,0,2025-10-01
화물,담양,택배,6,1,1,5,2025-10-01
화물,담양,일반,38,15,15,23,2025-10-01
화물,곡성,우선,0,9,9,0,2025-10-01
화물,곡성,중소,0,6,6,0,2025-10-01
화물,곡성,법인,0,1,1,0,2025-10-01
화물,곡성,택배,0,0,0,0,2025-10-01
화물,곡성,일반,40,17,17,23,2025-10-01
화물,구례,우선,4,12,11,0,2025-10-01
화물,구례,중소,4,3,2,2,2025-10-01
화물,구례,법인,0,0,0,0,2025-10-01
화물,구례,택배,8,1,1,7,2025-10-01
화물,구례,일반,36,13,11,25,2025-10-01
화물,고흥,우선,10,22,20,0,2025-10-01
화물,고흥,중소,10,2,2,8,2025-10-01
화물,고흥,법인,0,2,2,0,2025-10-01
화물,고흥,택배,20,0,0,20,2025-10-01
화물,고흥,일반,35,28,27,8,2025-10-01
화물,보성,우선,5,17,16,0,2025-10-01
화물,보성,중소,5,0,0,5,2025-10-01
화물,보성,법인,0,3,3,0,2025-10-01
화물,보성,택배,10,0,0,10,2025-10-01
화물,보성,일반,30,24,22,8,2025-10-01
화물,화순,우선,6,5,5,1,2025-10-01
화물,화순,중소,6,0,0,6,2025-10-01
화물,화순,법인,0,2,2,0,2025-10-01
화물,화순,택배,12,0,0,12,2025-10-01
화물,화순,일반,39,35,35,4,2025-10-01
화물,장흥,우선,6,6,6,0,2025-10-01
화물,장흥,중소,6,2,2,4,2025-10-01
화물,장흥,법인,0,2,2,0,2025-10-01
화물,장흥,택배,11,2,2,9,2025-10-01
화물,장흥,일반,36,15,13,23,2025-10-01
화물,강진,우선,0,13,13,0,2025-10-01
화물,강진,중소,0,1,1,0,2025-10-01
화물,강진,법인,0,1,1,0,2025-10-01
화물,강진,택배,0,0,0,0,2025-10-01
화물,강진,일반,25,7,7,18,2025-10-01
화물,해남,우선,0,37,35,0,2025-10-01
화물,해남,중소,0,8,8,0,2025-10-01
화물,해남,법인,0,4,4,0,2025-10-01
화물,해남,택배,0,3,3,0,2025-10-01
화물,해남,일반,100,21,18,82,2025-10-01
화물,영암,우선,9,15,13,0,2025-10-01
화물,영암,중소,9,9,9,0,2025-10-01
화물,영암,법인,0,14,13,0,2025-10-01
화물,영암,택배,18,1,1,17,2025-10-01
화물,영암,일반,67,22,21,46,2025-10-01
화물,무안,우선,4,13,13,0,2025-10-01
화물,무안,중소,0,5,5,0,2025-10-01
화물,무안,법인,0,2,2,0,2025-10-01
화물,무안,택배,0,1,1,0,2025-10-01
화물,무안,일반,36,15,15,21,2025-10-01
화물,함평,우선,4,13,12,0,2025-10-01
화물,함평,중소,8,3,2,6,2025-10-01
화물,함평,법인,0,2,2,0,2025-10-01
화물,함평,택배,0,0,0,0,2025-10-01
화물,함평,일반,38,19,18,20,2025-10-01
화물,영광,우선,0,31,31,0,2025-10-01
화물,영광,중소,0,13,11,0,2025-10-01
화물,영광,법인,0,2,2,0,2025-10-01
화물,영광,택배,0,3,3,0,2025-10-01
화물,영광,일반,89,17,15,74,2025-10-01
화물,장성,우선,2,16,16,0,2025-10-01
화물,장성,중소,2,8,8,0,2025-10-01
화물,장성,법인,0,8,8,0,2025-10-01
화물,장성,택배,2,1,1,1,2025-10-01
화물,장성,일반,45,15,15,30,2025-10-01
화물,완도,우선,0,12,12,0,2025-10-01
화물,완도,중소,0,3,3,0,2025-10-01
화물,완도,법인,0,4,4,0,2025-10-01
화물,완도,택배,0,0,0,0,2025-10-01
화물,완도,일반,45,12,11,34,2025-10-01
화물,진도,우선,3,6,6,0,2025-10-01
화물,진도,중소,3,7,7,0,2025-10-01
화물,진도,법인,0,0,0,0,2025-10-01
화물,진도,택배,5,1,1,4,2025-10-01
화물,진도,일반,21,7,7,14,2025-10-01
화물,신안,우선,5,6,6,0,2025-10-01
화물,신안,중소,5,6,6,0,2025-10-01
화물,신안,법인,0,1,1,0,2025-10-01
화물,신안,택배,10,0,0,10,2025-10-01
화물,신안,일반,50,41,35,15,2025-10-01
화물,포항,우선,47,76,76,0,2025-10-01
화물,포항,중소,47,54,54,0,2025-10-01
화물,포항,법인,0,15,15,0,2025-10-01
화물,포항,택배,54,19,19,35,2025-10-01
화물,포항,일반,213,90,90,123,2025-10-01
화물,경주,우선,33,26,26,7,2025-10-01
화물,경주,중소,33,0,0,33,2025-10-01
화물,경주,법인,0,20,20,0,2025-10-01
화물,경주,택배,66,9,9,57,2025-10-01
화물,경주,일반,200,196,190,10,2025-10-01
화물,김천,우선,10,34,32,0,2025-10-01
화물,김천,중소,10,21,21,0,2025-10-01
화물,김천,법인,0,2,2,0,2025-10-01
화물,김천,택배,20,7,7,13,2025-10-01
화물,김천,일반,130,33,32,98,2025-10-01
화물,안동,우선,12,56,51,0,2025-10-01
화물,안동,중소,12,27,24,0,2025-10-01
화물,안동,법인,1,3,3,0,2025-10-01
화물,안동,택배,24,3,3,21,2025-10-01
화물,안동,일반,151,27,26,125,2025-10-01
화물,구미,우선,0,77,73,0,2025-10-01
화물,구미,중소,0,41,41,0,2025-10-01
화물,구미,법인,0,8,8,0,2025-10-01
화물,구미,택배,0,9,9,0,2025-10-01
화물,구미,일반,176,25,24,152,2025-10-01
화물,영주,우선,14,22,19,0,2025-10-01
화물,영주,중소,14,22,21,0,2025-10-01
화물,영주,법인,0,1,1,0,2025-10-01
화물,영주,택배,28,6,5,23,2025-10-01
화물,영주,일반,84,12,12,72,2025-10-01
화물,영천,우선,27,59,58,0,2025-10-01
화물,영천,중소,27,22,20,7,2025-10-01
화물,영천,법인,0,3,3,0,2025-10-01
화물,영천,택배,53,8,8,45,2025-10-01
화물,영천,일반,158,39,37,121,2025-10-01
화물,상주,우선,24,36,33,0,2025-10-01
화물,상주,중소,24,19,18,6,2025-10-01
화물,상주,법인,0,0,0,0,2025-10-01
화물,상주,택배,48,2,2,46,2025-10-01
화물,상주,일반,170,45,44,126,2025-10-01
화물,문경,우선,28,26,23,5,2025-10-01
화물,문경,중소,28,10,8,20,2025-10-01
화물,문경,법인,0,1,1,0,2025-10-01
화물,문경,택배,56,5,4,52,2025-10-01
화물,문경,일반,173,13,12,161,2025-10-01
화물,경산,우선,0,96,79,0,2025-10-01
화물,경산,중소,0,50,47,0,2025-10-01
화물,경산,법인,0,7,7,0,2025-10-01
화물,경산,택배,42,17,17,25,2025-10-01
화물,경산,일반,258,36,33,225,2025-10-01
화물,의성,우선,13,23,23,0,2025-10-01
화물,의성,중소,13,15,13,0,2025-10-01
화물,의성,법인,0,0,0,0,2025-10-01
화물,의성,택배,26,2,2,24,2025-10-01
화물,의성,일반,78,19,19,59,2025-10-01
화물,청송,우선,0,18,18,0,2025-10-01
화물,청송,중소,0,5,5,0,2025-10-01
화물,청송,법인,0,1,1,0,2025-10-01
화물,청송,택배,0,5,5,0,2025-10-01
화물,청송,일반,0,32,31,0,2025-10-01
화물,영양,우선,2,3,3,0,2025-10-01
화물,영양,중소,2,3,3,0,2025-10-01
화물,영양,법인,0,0,0,0,2025-10-01
화물,영양,택배,4,0,0,4,2025-10-01
화물,영양,일반,2,5,4,0,2025-10-01
화물,영덕,우선,6,9,9,0,2025-10-01
화물,영덕,중소,6,6,6,0,2025-10-01
화물,영덕,법인,0,2,2,0,2025-10-01
화물,영덕,택배,12,0,0,12,2025-10-01
화물,영덕,일반,36,2,1,35,2025-10-01
화물,고령,우선,24,30,30,0,2025-10-01
화물,고령,중소,0,14,14,0,2025-10-01
화물,고령,법인,0,0,0,0,2025-10-01
화물,고령,택배,1,1,1,0,2025-10-01
화물,고령,일반,113,16,14,99,2025-10-01
화물,성주,우선,14,23,20,0,2025-10-01
화물,성주,중소,14,17,16,0,2025-10-01
화물,성주,법인,0,2,2,0,2025-10-01
화물,성주,택배,28,1,1,27,2025-10-01
화물,성주,일반,84,58,56,28,2025-10-01
화물,칠곡,우선,27,36,34,0,2025-10-01
화물,칠곡,중소,27,23,18,9,2025-10-01
화물,칠곡,법인,0,3,3,0,2025-10-01
화물,칠곡,택배,54,7,7,47,2025-10-01
화물,칠곡,일반,158,19,15,143,2025-10-01
화물,예천,우선,10,55,54,0,2025-10-01
화물,예천,중소,10,13,11,0,2025-10-01
화물,예천,법인,0,0,0,0,2025-10-01
화물,예천,택배,20,0,0,20,2025-10-01
화물,예천,일반,90,12,12,78,2025-10-01
화물,봉화,우선,5,13,10,0,2025-10-01
화물,봉화,중소,5,3,3,2,2025-10-01
화물,봉화,법인,0,1,1,0,2025-10-01
화물,봉화,택배,10,0,0,10,2025-10-01
화물,봉화,일반,30,9,9,21,2025-10-01
화물,울진,우선,0,17,17,0,2025-10-01
화물,울진,중소,0,6,6,0,2025-10-01
화물,울진,법인,0,1,1,0,2025-10-01
화물,울진,택배,0,1,1,0,2025-10-01
화물,울진,일반,79,4,2,77,2025-10-01
화물,울릉,우선,3,7,7,0,2025-10-01
화물,울릉,중소,2,2,2,0,2025-10-01
화물,울릉,법인,0,0,0,0,2025-10-01
화물,울릉,택배,3,0,0,3,2025-10-01
화물,울릉,일반,8,8,8,0,2025-10-01
화물,창원,우선,38,46,38,0,2025-10-01
화물,창원,중소,38,45,40,0,2025-10-01
화물,창원,법인,0,2,1,0,2025-10-01
화물,창원,택배,36,28,25,11,2025-10-01
화물,창원,일반,408,322,298,110,2025-10-01
화물,진주,우선,15,20,18,0,2025-10-01
화물,진주,중소,15,3,3,12,2025-10-01
화물,진주,법인,0,10,10,0,2025-10-01
화물,진주,택배,30,10,9,21,2025-10-01
화물,진주,일반,120,127,117,3,2025-10-01
화물,통영,우선,8,36,36,0,2025-10-01
화물,통영,중소,8,0,0,8,2025-10-01
화물,통영,법인,0,3,3,0,2025-10-01
화물,통영,택배,16,9,9,7,2025-10-01
화물,통영,일반,65,11,11,54,2025-10-01
화물,사천,우선,15,23,23,0,2025-10-01
화물,사천,중소,15,13,12,3,2025-10-01
화물,사천,법인,0,4,4,0,2025-10-01
화물,사천,택배,30,8,6,24,2025-10-01
화물,사천,일반,93,21,19,74,2025-10-01
화물,김해,우선,50,59,58,0,2025-10-01
화물,김해,중소,50,6,5,45,2025-10-01
화물,김해,법인,0,8,7,0,2025-10-01
화물,김해,택배,100,21,18,82,2025-10-01
화물,김해,일반,326,323,313,13,2025-10-01
화물,밀양,우선,13,26,26,0,2025-10-01
화물,밀양,중소,13,9,7,6,2025-10-01
화물,밀양,법인,0,4,4,0,2025-10-01
화물,밀양,택배,26,1,1,25,2025-10-01
화물,밀양,일반,264,52,51,213,2025-10-01
화물,거제,우선,0,52,44,0,2025-10-01
화물,거제,중소,0,18,15,0,2025-10-01
화물,거제,법인,0,7,7,0,2025-10-01
화물,거제,택배,0,10,10,0,2025-10-01
화물,거제,일반,190,23,20,170,2025-10-01
화물,양산,우선,49,36,26,23,2025-10-01
화물,양산,중소,14,13,11,3,2025-10-01
화물,양산,법인,0,10,8,0,2025-10-01
화물,양산,택배,28,14,13,15,2025-10-01
화물,양산,일반,243,127,126,117,2025-10-01
화물,의령,우선,5,4,4,1,2025-10-01
화물,의령,중소,5,5,5,0,2025-10-01
화물,의령,법인,0,1,1,0,2025-10-01
화물,의령,택배,9,0,0,9,2025-10-01
화물,의령,일반,27,8,8,19,2025-10-01
화물,함안,우선,27,37,34,0,2025-10-01
화물,함안,중소,27,7,6,21,2025-10-01
화물,함안,법인,0,5,4,0,2025-10-01
화물,함안,택배,55,0,0,55,2025-10-01
화물,함안,일반,161,10,9,152,2025-10-01
화물,창녕,우선,0,32,31,0,2025-10-01
화물,창녕,중소,0,14,14,0,2025-10-01
화물,창녕,법인,0,1,1,0,2025-10-01
화물,창녕,택배,0,2,2,0,2025-10-01
화물,창녕,일반,9,9,9,0,2025-10-01
화물,고성(경남),우선,13,23,22,0,2025-10-01
화물,고성(경남),중소,13,4,3,10,2025-10-01
화물,고성(경남),법인,2,2,2,0,2025-10-01
화물,고성(경남),택배,25,2,2,23,2025-10-01
화물,고성(경남),일반,160,22,21,139,2025-10-01
화물,남해,우선,0,17,17,0,2025-10-01
화물,남해,중소,0,5,5,0,2025-10-01
화물,남해,법인,0,1,1,0,2025-10-01
화물,남해,택배,0,1,1,0,2025-10-01
화물,남해,일반,63,11,10,53,2025-10-01
화물,하동,우선,6,9,9,0,2025-10-01
화물,하동,중소,6,3,3,3,2025-10-01
화물,하동,법인,0,3,3,0,2025-10-01
화물,하동,택배,12,0,0,12,2025-10-01
화물,하동,일반,76,59,57,19,2025-10-01
화물,산청,우선,8,18,17,0,2025-10-01
화물,산청,중소,8,6,6,2,2025-10-01
화물,산청,법인,0,2,2,0,2025-10-01
화물,산청,택배,16,1,1,15,2025-10-01
화물,산청,일반,87,28,27,60,2025-10-01
화물,함양,우선,0,10,9,0,2025-10-01
화물,함양,중소,0,13,12,0,2025-10-01
화물,함양,법인,0,1,1,0,2025-10-01
화물,함양,택배,0,3,3,0,2025-10-01
화물,함양,일반,77,17,17,60,2025-10-01
화물,거창,우선,8,21,21,0,2025-10-01
화물,거창,중소,8,9,9,0,2025-10-01
화물,거창,법인,0,0,0,0,2025-10-01
화물,거창,택배,16,3,3,13,2025-10-01
화물,거창,일반,50,28,28,22,2025-10-01
화물,합천,우선,0,71,69,0,2025-10-01
화물,합천,중소,0,18,16,0,2025-10-01
화물,합천,법인,0,2,1,0,2025-10-01
화물,합천,택배,0,1,1,0,2025-10-01
화물,합천,일반,102,28,25,77,2025-10-01
화물,제주,우선,150,830,758,0,2025-10-01
화물,제주,중소,150,568,483,0,2025-10-01
화물,제주,법인,100,21,19,81,2025-10-01
화물,제주,택배,300,34,33,267,2025-10-01
화물,제주,일반,1350,82,71,1279,2025-10-01
화물,한국환경공단,우선,0,69,56,0,2025-10-01
화물,한국환경공단,중소,0,146,116,0,2025-10-01
화물,한국환경공단,법인,0,588,525,0,2025-10-01
화물,한국환경공단,택배,0,22,19,0,2025-10-01
화물,한국환경공단,일반,2843,22,21,2822,2025-10-01
승합,서울,전기버스 우선,0,0,0,0,2025-10-01
승합,서울,전기버스 일반,10,318,61,0,2025-10-01
승합,서울,어린이버스 우선,0,0,0,0,2025-10-01
승합,서울,어린이버스 일반,0,14,7,0,2025-10-01
승합,부산,전기버스 우선,10,0,0,10,2025-10-01
승합,부산,전기버스 일반,144,152,73,71,2025-10-01
승합,부산,어린이버스 우선,0,0,0,0,2025-10-01
승합,부산,어린이버스 일반,0,0,0,0,2025-10-01
승합,대구,전기버스 우선,0,0,0,0,2025-10-01
승합,대구,전기버스 일반,7,2,0,7,2025-10-01
승합,대구,어린이버스 우선,0,0,0,0,2025-10-01
승합,대구,어린이버스 일반,0,3,3,0,2025-10-01
승합,인천,전기버스 우선,0,0,0,0,2025-10-01
승합,인천,전기버스 일반,32,51,7,25,2025-10-01
승합,인천,어린이버스 우선,0,0,0,0,2025-10-01
승합,인천,어린이버스 일반,0,10,10,0,2025-10-01
승합,광주,전기버스 우선,0,0,0,0,2025-10-01
승합,광주,전기버스 일반,15,11,6,9,2025-10-01
승합,광주,어린이버스 우선,0,0,0,0,2025-10-01
승합,광주,어린이버스 일반,0,2,1,0,2025-10-01
승합,대전,전기버스 우선,0,0,0,0,2025-10-01
승합,대전,전기버스 일반,19,26,15,4,2025-10-01
승합,대전,어린이버스 우선,0,0,0,0,2025-10-01
승합,대전,어린이버스 일반,0,2,2,0,2025-10-01
승합,세종,전기버스 우선,0,0,0,0,2025-10-01
승합,세종,전기버스 일반,15,14,11,4,2025-10-01
승합,세종,어린이버스 우선,0,0,0,0,2025-10-01
승합,세종,어린이버스 일반,0,1,0,0,2025-10-01
승합,수원,전기버스 우선,0,0,0,0,2025-10-01
승합,수원,전기버스 일반,10,9,9,1,2025-10-01
승합,수원,어린이버스 우선,0,0,0,0,2025-10-01
승합,수원,어린이버스 일반,0,1,0,0,2025-10-01
승합,성남,전기버스 우선,0,0,0,0,2025-10-01
승합,성남,전기버스 일반,19,36,11,8,2025-10-01
승합,성남,어린이버스 우선,0,0,0,0,2025-10-01
승합,성남,어린이버스 일반,0,0,0,0,2025-10-01
승합,의정부,전기버스 우선,0,0,0,0,2025-10-01
승합,의정부,전기버스 일반,4,4,0,4,2025-10-01
승합,의정부,어린이버스 우선,0,0,0,0,2025-10-01
승합,의정부,어린이버스 일반,0,0,0,0,2025-10-01
승합,안양,전기버스 우선,0,0,0,0,2025-10-01
승합,안양,전기버스 일반,1,75,7,0,2025-10-01
승합,안양,어린이버스 우선,0,0,0,0,2025-10-01
승합,안양,어린이버스 일반,0,1,1,0,2025-10-01
승합,부천,전기버스 우선,0,0,0,0,2025-10-01
승합,부천,전기버스 일반,8,9,4,4,2025-10-01
승합,부천,어린이버스 우선,0,0,0,0,2025-10-01
승합,부천,어린이버스 일반,0,0,0,0,2025-10-01
승합,광명,전기버스 우선,0,0,0,0,2025-10-01
승합,광명,전기버스 일반,1,3,2,0,2025-10-01
승합,광명,어린이버스 우선,0,0,0,0,2025-10-01
승합,광명,어린이버스 일반,0,0,0,0,2025-10-01
승합,평택,전기버스 우선,3,0,0,3,2025-10-01
승합,평택,전기버스 일반,2,12,5,0,2025-10-01
승합,평택,어린이버스 우선,3,0,0,3,2025-10-01
승합,평택,어린이버스 일반,2,12,5,0,2025-10-01
승합,평택,어린이버스 우선,0,0,0,0,2025-10-01
승합,평택,어린이버스 일반,0,4,3,0,2025-10-01
승합,동두천,전기버스 우선,0,0,0,0,2025-10-01
승합,동두천,전기버스 일반,2,7,1,1,2025-10-01
승합,동두천,어린이버스 우선,0,0,0,0,2025-10-01
승합,동두천,어린이버스 일반,0,0,0,0,2025-10-01
승합,안산,전기버스 우선,0,0,0,0,2025-10-01
승합,안산,전기버스 일반,11,34,7,4,2025-10-01
승합,안산,어린이버스 우선,0,0,0,0,2025-10-01
승합,안산,어린이버스 일반,0,0,0,0,2025-10-01
승합,고양,전기버스 우선,8,0,0,8,2025-10-01
승합,고양,전기버스 일반,1,60,4,0,2025-10-01
승합,고양,어린이버스 우선,0,0,0,0,2025-10-01
승합,고양,어린이버스 일반,0,2,1,0,2025-10-01
승합,과천,전기버스 우선,0,0,0,0,2025-10-01
승합,과천,전기버스 일반,2,4,2,0,2025-10-01
승합,과천,어린이버스 우선,0,0,0,0,2025-10-01
승합,과천,어린이버스 일반,0,0,0,0,2025-10-01
승합,구리,전기버스 우선,0,0,0,0,2025-10-01
승합,구리,전기버스 일반,3,0,0,3,2025-10-01
승합,구리,어린이버스 우선,0,0,0,0,2025-10-01
승합,구리,어린이버스 일반,0,1,1,0,2025-10-01
승합,오산,전기버스 우선,0,0,0,0,2025-10-01
승합,오산,전기버스 일반,6,12,3,3,2025-10-01
승합,오산,어린이버스 우선,0,0,0,0,2025-10-01
승합,오산,어린이버스 일반,0,0,0,0,2025-10-01
승합,시흥,전기버스 우선,0,0,0,0,2025-10-01
승합,시흥,전기버스 일반,4,26,6,0,2025-10-01
승합,시흥,어린이버스 우선,0,0,0,0,2025-10-01
승합,시흥,어린이버스 일반,0,0,0,0,2025-10-01
승합,군포,전기버스 우선,0,0,0,0,2025-10-01
승합,군포,전기버스 일반,3,7,3,0,2025-10-01
승합,군포,어린이버스 우선,0,0,0,0,2025-10-01
승합,군포,어린이버스 일반,0,0,0,0,2025-10-01
승합,의왕,전기버스 우선,0,0,0,0,2025-10-01
승합,의왕,전기버스 일반,2,2,1,1,2025-10-01
승합,의왕,어린이버스 우선,0,0,0,0,2025-10-01
승합,의왕,어린이버스 일반,0,0,0,0,2025-10-01
승합,하남,전기버스 우선,0,0,0,0,2025-10-01
승합,하남,전기버스 일반,2,3,2,0,2025-10-01
승합,하남,어린이버스 우선,0,0,0,0,2025-10-01
승합,하남,어린이버스 일반,0,1,1,0,2025-10-01
승합,용인,전기버스 우선,0,0,0,0,2025-10-01
승합,용인,전기버스 일반,7,10,1,6,2025-10-01
승합,용인,어린이버스 우선,0,0,0,0,2025-10-01
승합,용인,어린이버스 일반,0,0,0,0,2025-10-01
승합,파주,전기버스 우선,0,0,0,0,2025-10-01
승합,파주,전기버스 일반,6,21,5,1,2025-10-01
승합,파주,어린이버스 우선,0,0,0,0,2025-10-01
승합,파주,어린이버스 일반,0,2,1,0,2025-10-01
승합,이천,전기버스 우선,0,0,0,0,2025-10-01
승합,이천,전기버스 일반,3,4,3,0,2025-10-01
승합,이천,어린이버스 우선,0,0,0,0,2025-10-01
승합,이천,어린이버스 일반,0,0,0,0,2025-10-01
승합,안성,전기버스 우선,0,0,0,0,2025-10-01
승합,안성,전기버스 일반,3,1,0,3,2025-10-01
승합,안성,어린이버스 우선,0,0,0,0,2025-10-01
승합,안성,어린이버스 일반,0,1,1,0,2025-10-01
승합,김포,전기버스 우선,0,0,0,0,2025-10-01
승합,김포,전기버스 일반,8,18,0,8,2025-10-01
승합,김포,어린이버스 우선,0,0,0,0,2025-10-01
승합,김포,어린이버스 일반,0,0,0,0,2025-10-01
승합,화성,전기버스 우선,0,3,3,0,2025-10-01
승합,화성,전기버스 일반,31,11,0,31,2025-10-01
승합,화성,어린이버스 우선,0,0,0,0,2025-10-01
승합,화성,어린이버스 일반,0,1,1,0,2025-10-01
승합,광주(경기),전기버스 우선,0,0,0,0,2025-10-01
승합,광주(경기),전기버스 일반,5,12,4,1,2025-10-01
승합,광주(경기),어린이버스 우선,0,0,0,0,2025-10-01
승합,광주(경기),어린이버스 일반,0,0,0,0,2025-10-01
승합,양주,전기버스 우선,4,0,0,4,2025-10-01
승합,양주,전기버스 일반,0,25,1,0,2025-10-01
승합,양주,어린이버스 우선,0,0,0,0,2025-10-01
승합,양주,어린이버스 일반,0,0,0,0,2025-10-01
승합,포천,전기버스 우선,0,0,0,0,2025-10-01
승합,포천,전기버스 일반,3,3,2,1,2025-10-01
승합,포천,어린이버스 우선,0,0,0,0,2025-10-01
승합,포천,어린이버스 일반,0,0,0,0,2025-10-01
승합,여주,전기버스 우선,0,0,0,0,2025-10-01
승합,여주,전기버스 일반,2,1,0,2,2025-10-01
승합,여주,어린이버스 우선,0,0,0,0,2025-10-01
승합,여주,어린이버스 일반,0,1,1,0,2025-10-01
승합,연천,전기버스 우선,0,0,0,0,2025-10-01
승합,연천,전기버스 일반,4,2,2,2,2025-10-01
승합,연천,어린이버스 우선,0,0,0,0,2025-10-01
승합,연천,어린이버스 일반,0,0,0,0,2025-10-01
승합,가평,전기버스 우선,0,0,0,0,2025-10-01
승합,가평,전기버스 일반,2,4,2,0,2025-10-01
승합,가평,어린이버스 우선,0,0,0,0,2025-10-01
승합,가평,어린이버스 일반,0,0,0,0,2025-10-01
승합,양평,전기버스 우선,0,0,0,0,2025-10-01
승합,양평,전기버스 일반,1,1,1,0,2025-10-01
승합,양평,어린이버스 우선,0,0,0,0,2025-10-01
승합,양평,어린이버스 일반,0,0,0,0,2025-10-01
승합,춘천,전기버스 우선,0,0,0,0,2025-10-01
승합,춘천,전기버스 일반,12,12,0,12,2025-10-01
승합,춘천,어린이버스 우선,0,0,0,0,2025-10-01
승합,춘천,어린이버스 일반,0,1,0,0,2025-10-01
승합,원주,전기버스 우선,3,0,0,3,2025-10-01
승합,원주,전기버스 일반,2,5,3,0,2025-10-01
승합,원주,어린이버스 우선,0,0,0,0,2025-10-01
승합,원주,어린이버스 일반,0,0,0,0,2025-10-01
승합,강릉,어린이버스 우선,0,0,0,0,2025-10-01
승합,강릉,어린이버스 일반,0,0,0,0,2025-10-01
승합,동해,전기버스 우선,0,0,0,0,2025-10-01
승합,동해,전기버스 일반,1,0,0,1,2025-10-01
승합,동해,어린이버스 우선,0,0,0,0,2025-10-01
승합,동해,어린이버스 일반,0,1,1,0,2025-10-01
승합,제주,전기버스 우선,0,0,0,0,2025-10-01
승합,제주,전기버스 일반,8,8,8,0,2025-10-01
승합,제주,어린이버스 우선,0,0,0,0,2025-10-01
승합,제주,어린이버스 일반,8,8,8,0,2025-10-01
승합,태백,어린이버스 우선,0,0,0,0,2025-10-01
승합,태백,어린이버스 일반,0,0,0,0,2025-10-01
승합,속초,전기버스 우선,0,0,0,0,2025-10-01
승합,속초,전기버스 일반,18,16,4,14,2025-10-01
승합,속초,어린이버스 우선,0,0,0,0,2025-10-01
승합,속초,어린이버스 일반,0,0,0,0,2025-10-01
승합,삼척,전기버스 우선,0,0,0,0,2025-10-01
승합,삼척,전기버스 일반,8,7,3,5,2025-10-01
승합,삼척,어린이버스 우선,0,0,0,0,2025-10-01
승합,삼척,어린이버스 일반,0,0,0,0,2025-10-01
승합,홍천,전기버스 우선,0,0,0,0,2025-10-01
승합,홍천,전기버스 일반,16,5,0,16,2025-10-01
승합,홍천,어린이버스 우선,0,0,0,0,2025-10-01
승합,홍천,어린이버스 일반,0,0,0,0,2025-10-01
승합,횡성,전기버스 우선,0,0,0,0,2025-10-01
승합,횡성,전기버스 일반,8,8,0,8,2025-10-01
승합,횡성,어린이버스 우선,0,0,0,0,2025-10-01
승합,횡성,어린이버스 일반,0,0,0,0,2025-10-01
승합,영월,전기버스 우선,0,0,0,0,2025-10-01
승합,영월,전기버스 일반,3,0,0,0,2025-10-01
승합,영월,어린이버스 우선,0,0,0,0,2025-10-01
승합,영월,어린이버스 일반,0,0,0,0,2025-10-01
승합,평창,전기버스 우선,0,0,0,0,2025-10-01
승합,평창,전기버스 일반,3,3,3,0,2025-10-01
승합,평창,어린이버스 우선,0,0,0,0,2025-10-01
승합,평창,어린이버스 일반,0,0,0,0,2025-10-01
승합,정선,전기버스 우선,0,0,0,0,2025-10-01
승합,정선,전기버스 일반,1,0,0,0,2025-10-01
승합,정선,어린이버스 우선,0,0,0,0,2025-10-01
승합,정선,어린이버스 일반,0,0,0,0,2025-10-01
승합,철원,전기버스 우선,0,0,0,0,2025-10-01
승합,철원,전기버스 일반,3,0,0,0,2025-10-01
승합,철원,어린이버스 우선,0,0,0,0,2025-10-01
승합,철원,어린이버스 일반,0,0,0,0,2025-10-01
승합,화천,전기버스 우선,0,0,0,0,2025-10-01
승합,화천,전기버스 일반,2,5,0,2,2025-10-01
승합,화천,어린이버스 우선,0,0,0,0,2025-10-01
승합,화천,어린이버스 일반,0,0,0,0,2025-10-01
승합,양구,전기버스 우선,1,0,0,0,2025-10-01
승합,양구,전기버스 일반,3,0,0,0,2025-10-01
승합,양구,어린이버스 우선,0,0,0,0,2025-10-01
승합,양구,어린이버스 일반,0,0,0,0,2025-10-01
승합,인제,전기버스 우선,7,0,0,7,2025-10-01
승합,인제,전기버스 일반,0,7,3,0,2025-10-01
승합,인제,어린이버스 우선,0,0,0,0,2025-10-01
승합,인제,어린이버스 일반,0,0,0,0,2025-10-01
승합,고성,전기버스 우선,0,0,0,0,2025-10-01
승합,고성,전기버스 일반,0,0,0,0,2025-10-01
승합,고성,어린이버스 우선,0,0,0,0,2025-10-01
승합,고성,어린이버스 일반,2,2,1,1,2025-10-01
승합,양양,전기버스 우선,0,0,0,0,2025-10-01
승합,양양,전기버스 일반,2,3,0,2,2025-10-01
승합,양양,어린이버스 우선,0,0,0,0,2025-10-01
승합,양양,어린이버스 일반,0,0,0,0,2025-10-01
승합,청주,전기버스 우선,88,10,5,83,2025-10-01
승합,청주,전기버스 일반,5,35,7,0,2025-10-01
승합,청주,어린이버스 우선,0,0,0,0,2025-10-01
승합,청주,어린이버스 일반,0,0,0,0,2025-10-01
승합,충주,전기버스 우선,0,9,7,0,2025-10-01
승합,충주,전기버스 일반,15,0,0,15,2025-10-01
승합,충주,어린이버스 우선,0,0,0,0,2025-10-01
승합,충주,어린이버스 일반,0,0,0,0,2025-10-01
승합,제천,전기버스 우선,2,0,0,2,2025-10-01
승합,제천,전기버스 일반,0,6,0,0,2025-10-01
승합,제천,어린이버스 우선,0,0,0,0,2025-10-01
승합,제천,어린이버스 일반,0,0,0,0,2025-10-01
승합,보은,전기버스 우선,0,1,1,0,2025-10-01
승합,보은,전기버스 일반,1,1,0,1,2025-10-01
승합,보은,어린이버스 우선,0,0,0,0,2025-10-01
승합,보은,어린이버스 일반,0,0,0,0,2025-10-01
승합,옥천,전기버스 우선,0,3,3,0,2025-10-01
승합,옥천,전기버스 일반,3,0,0,3,2025-10-01
승합,옥천,어린이버스 우선,0,0,0,0,2025-10-01
승합,옥천,어린이버스 일반,0,0,0,0,2025-10-01
승합,영동,전기버스 우선,0,2,1,0,2025-10-01
승합,영동,전기버스 일반,4,2,0,4,2025-10-01
승합,영동,어린이버스 우선,0,0,0,0,2025-10-01
승합,영동,어린이버스 일반,0,0,0,0,2025-10-01
승합,진천,전기버스 우선,0,0,0,0,2025-10-01
승합,진천,전기버스 일반,5,1,0,5,2025-10-01
승합,진천,어린이버스 우선,0,0,0,0,2025-10-01
승합,진천,어린이버스 일반,0,0,0,0,2025-10-01
승합,괴산,전기버스 우선,0,0,0,0,2025-10-01
승합,괴산,전기버스 일반,3,0,0,0,2025-10-01
승합,괴산,어린이버스 우선,0,0,0,0,2025-10-01
승합,괴산,어린이버스 일반,0,0,0,0,2025-10-01
승합,천안,전기버스 우선,0,0,0,0,2025-10-01
승합,천안,전기버스 일반,22,22,20,2,2025-10-01
승합,천안,어린이버스 우선,0,0,0,0,2025-10-01
승합,천안,어린이버스 일반,0,1,0,0,2025-10-01
승합,공주,전기버스 우선,0,0,0,0,2025-10-01
승합,공주,전기버스 일반,10,7,7,3,2025-10-01
승합,공주,어린이버스 우선,0,0,0,0,2025-10-01
승합,공주,어린이버스 일반,0,0,0,0,2025-10-01
승합,보령,전기버스 우선,0,0,0,0,2025-10-01
승합,보령,전기버스 일반,2,0,0,2,2025-10-01
승합,보령,어린이버스 우선,0,0,0,0,2025-10-01
승합,보령,어린이버스 일반,0,3,2,0,2025-10-01
승합,아산,전기버스 우선,0,0,0,0,2025-10-01
승합,아산,전기버스 일반,20,15,5,15,2025-10-01
승합,아산,어린이버스 우선,0,0,0,0,2025-10-01
승합,아산,어린이버스 일반,0,10,0,0,2025-10-01
승합,서산,전기버스 우선,0,0,0,0,2025-10-01
승합,서산,전기버스 일반,3,3,3,0,2025-10-01
승합,서산,어린이버스 우선,0,0,0,0,2025-10-01
승합,서산,어린이버스 일반,0,0,0,0,2025-10-01
승합,논산,전기버스 우선,6,0,0,6,2025-10-01
승합,논산,전기버스 일반,2,7,6,0,2025-10-01
승합,논산,어린이버스 우선,0,0,0,0,2025-10-01
승합,논산,어린이버스 일반,0,1,0,0,2025-10-01
승합,계룡,전기버스 우선,2,0,0,2,2025-10-01
승합,계룡,전기버스 일반,0,2,2,0,2025-10-01
승합,계룡,어린이버스 우선,0,0,0,0,2025-10-01
승합,계룡,어린이버스 일반,0,0,0,0,2025-10-01
승합,당진,전기버스 우선,0,0,0,0,2025-10-01
승합,당진,전기버스 일반,15,13,11,4,2025-10-01
승합,당진,어린이버스 우선,0,0,0,0,2025-10-01
승합,당진,어린이버스 일반,0,0,0,0,2025-10-01
승합,금산,전기버스 우선,4,0,0,4,2025-10-01
승합,금산,전기버스 일반,1,4,0,1,2025-10-01
승합,금산,어린이버스 우선,0,0,0,0,2025-10-01
승합,금산,어린이버스 일반,0,1,0,0,2025-10-01
승합,부여,전기버스 우선,0,0,0,0,2025-10-01
승합,부여,전기버스 일반,4,4,4,0,2025-10-01
승합,부여,어린이버스 우선,0,0,0,0,2025-10-01
승합,부여,어린이버스 일반,0,0,0,0,2025-10-01
승합,서천,전기버스 우선,0,0,0,0,2025-10-01
승합,서천,전기버스 일반,3,3,0,3,2025-10-01
승합,서천,어린이버스 우선,0,0,0,0,2025-10-01
승합,서천,어린이버스 일반,0,0,0,0,2025-10-01
승합,청양,전기버스 우선,0,0,0,0,2025-10-01
승합,청양,전기버스 일반,3,3,0,3,2025-10-01
승합,청양,어린이버스 우선,0,0,0,0,2025-10-01
승합,청양,어린이버스 일반,0,0,0,0,2025-10-01
승합,홍성,전기버스 우선,0,0,0,0,2025-10-01
승합,홍성,전기버스 일반,0,7,7,0,2025-10-01
승합,홍성,어린이버스 우선,0,0,0,0,2025-10-01
승합,홍성,어린이버스 일반,1,0,0,1,2025-10-01
승합,예산,전기버스 우선,10,0,0,10,2025-10-01
승합,예산,전기버스 일반,20,6,0,20,2025-10-01
승합,예산,어린이버스 우선,0,0,0,0,2025-10-01
승합,예산,어린이버스 일반,0,0,0,0,2025-10-01
승합,태안,전기버스 우선,0,0,0,0,2025-10-01
승합,태안,전기버스 일반,6,6,6,0,2025-10-01
승합,태안,어린이버스 우선,0,0,0,0,2025-10-01
승합,태안,어린이버스 일반,0,0,0,0,2025-10-01
승합,전주,전기버스 우선,0,0,0,0,2025-10-01
승합,전주,전기버스 일반,5,28,5,0,2025-10-01
승합,전주,어린이버스 우선,0,0,0,0,2025-10-01
승합,전주,어린이버스 일반,0,0,0,0,2025-10-01
승합,제주,전기버스 우선,0,0,0,0,2025-10-01
승합,제주,전기버스 일반,25,23,22,3,2025-10-01
승합,제주,어린이버스 우선,0,0,0,0,2025-10-01
승합,제주,어린이버스 일반,25,23,22,3,2025-10-01
승합,군산,어린이버스 우선,0,0,0,0,2025-10-01
승합,군산,어린이버스 일반,0,7,4,0,2025-10-01
승합,익산,전기버스 우선,0,0,0,0,2025-10-01
승합,익산,전기버스 일반,5,4,4,1,2025-10-01
승합,익산,어린이버스 우선,0,0,0,0,2025-10-01
승합,익산,어린이버스 일반,0,2,0,0,2025-10-01
승합,제주,전기버스 우선,0,0,0,0,2025-10-01
승합,제주,전기버스 일반,7,7,0,7,2025-10-01
승합,제주,어린이버스 우선,0,0,0,0,2025-10-01
승합,제주,어린이버스 일반,7,7,0,7,2025-10-01
승합,정읍,어린이버스 우선,0,0,0,0,2025-10-01
승합,정읍,어린이버스 일반,0,0,0,0,2025-10-01
승합,남원,전기버스 우선,0,0,0,0,2025-10-01
승합,남원,전기버스 일반,7,3,3,4,2025-10-01
승합,남원,어린이버스 우선,0,0,0,0,2025-10-01
승합,남원,어린이버스 일반,0,0,0,0,2025-10-01
승합,완주,전기버스 우선,0,0,0,0,2025-10-01
승합,완주,전기버스 일반,8,8,2,6,2025-10-01
승합,완주,어린이버스 우선,0,0,0,0,2025-10-01
승합,완주,어린이버스 일반,0,0,0,0,2025-10-01
승합,진안,전기버스 우선,0,0,0,0,2025-10-01
승합,진안,전기버스 일반,4,2,2,2,2025-10-01
승합,진안,어린이버스 우선,0,0,0,0,2025-10-01
승합,진안,어린이버스 일반,0,0,0,0,2025-10-01
승합,무주,전기버스 우선,0,0,0,0,2025-10-01
승합,무주,전기버스 일반,2,1,0,2,2025-10-01
승합,무주,어린이버스 우선,0,0,0,0,2025-10-01
승합,무주,어린이버스 일반,0,0,0,0,2025-10-01
승합,임실,전기버스 우선,0,0,0,0,2025-10-01
승합,임실,전기버스 일반,3,3,0,3,2025-10-01
승합,임실,어린이버스 우선,0,0,0,0,2025-10-01
승합,임실,어린이버스 일반,0,0,0,0,2025-10-01
승합,순창,전기버스 우선,0,0,0,0,2025-10-01
승합,순창,전기버스 일반,1,4,0,1,2025-10-01
승합,순창,어린이버스 우선,0,0,0,0,2025-10-01
승합,순창,어린이버스 일반,0,0,0,0,2025-10-01
승합,고창,전기버스 우선,0,0,0,0,2025-10-01
승합,고창,전기버스 일반,8,4,0,8,2025-10-01
승합,고창,어린이버스 우선,0,0,0,0,2025-10-01
승합,고창,어린이버스 일반,0,0,0,0,2025-10-01
승합,부안,전기버스 우선,0,0,0,0,2025-10-01
승합,부안,전기버스 일반,1,1,0,1,2025-10-01
승합,부안,어린이버스 우선,0,0,0,0,2025-10-01
승합,부안,어린이버스 일반,0,0,0,0,2025-10-01
승합,목포,전기버스 우선,0,0,0,0,2025-10-01
승합,목포,전기버스 일반,10,10,10,0,2025-10-01
승합,목포,어린이버스 우선,0,0,0,0,2025-10-01
승합,목포,어린이버스 일반,0,0,0,0,2025-10-01
승합,여수,전기버스 우선,0,0,0,0,2025-10-01
승합,여수,전기버스 일반,10,10,7,3,2025-10-01
승합,여수,어린이버스 우선,0,0,0,0,2025-10-01
승합,여수,어린이버스 일반,0,0,0,0,2025-10-01
승합,순천,전기버스 우선,0,0,0,0,2025-10-01
승합,순천,전기버스 일반,2,1,1,1,2025-10-01
승합,순천,어린이버스 우선,0,0,0,0,2025-10-01
승합,순천,어린이버스 일반,0,0,0,0,2025-10-01
승합,나주,전기버스 우선,0,0,0,0,2025-10-01
승합,나주,전기버스 일반,9,11,4,5,2025-10-01
승합,나주,어린이버스 우선,0,0,0,0,2025-10-01
승합,나주,어린이버스 일반,0,1,1,0,2025-10-01
승합,광양,전기버스 우선,0,0,0,0,2025-10-01
승합,광양,전기버스 일반,2,2,2,0,2025-10-01
승합,광양,어린이버스 우선,0,0,0,0,2025-10-01
승합,광양,어린이버스 일반,0,0,0,0,2025-10-01
승합,담양,전기버스 우선,0,0,0,0,2025-10-01
승합,담양,전기버스 일반,6,6,0,6,2025-10-01
승합,담양,어린이버스 우선,0,0,0,0,2025-10-01
승합,담양,어린이버스 일반,0,0,0,0,2025-10-01
승합,곡성,전기버스 우선,0,0,0,0,2025-10-01
승합,곡성,전기버스 일반,6,6,3,3,2025-10-01
승합,곡성,어린이버스 우선,0,0,0,0,2025-10-01
승합,곡성,어린이버스 일반,0,0,0,0,2025-10-01
승합,구례,전기버스 우선,0,0,0,0,2025-10-01
승합,구례,전기버스 일반,2,2,2,0,2025-10-01
승합,구례,어린이버스 우선,0,0,0,0,2025-10-01
승합,구례,어린이버스 일반,0,0,0,0,2025-10-01
승합,고흥,전기버스 우선,0,0,0,0,2025-10-01
승합,고흥,전기버스 일반,7,8,7,0,2025-10-01
승합,고흥,어린이버스 우선,0,0,0,0,2025-10-01
승합,고흥,어린이버스 일반,0,0,0,0,2025-10-01
승합,보성,전기버스 우선,4,0,0,4,2025-10-01
승합,보성,전기버스 일반,0,4,2,0,2025-10-01
승합,보성,어린이버스 우선,0,0,0,0,2025-10-01
승합,보성,어린이버스 일반,0,0,0,0,2025-10-01
승합,화순,전기버스 우선,0,0,0,0,2025-10-01
승합,화순,전기버스 일반,7,7,0,7,2025-10-01
승합,화순,어린이버스 우선,0,0,0,0,2025-10-01
승합,화순,어린이버스 일반,0,0,0,0,2025-10-01
승합,강진,전기버스 우선,0,0,0,0,2025-10-01
승합,강진,전기버스 일반,1,1,0,1,2025-10-01
승합,강진,어린이버스 우선,0,0,0,0,2025-10-01
승합,강진,어린이버스 일반,0,0,0,0,2025-10-01
승합,해남,전기버스 우선,0,0,0,0,2025-10-01
승합,해남,전기버스 일반,4,0,0,4,2025-10-01
승합,해남,어린이버스 우선,0,0,0,0,2025-10-01
승합,해남,어린이버스 일반,0,0,0,0,2025-10-01
승합,영암,전기버스 우선,0,0,0,0,2025-10-01
승합,영암,전기버스 일반,1,0,0,0,2025-10-01
승합,영암,어린이버스 우선,0,0,0,0,2025-10-01
승합,영암,어린이버스 일반,0,0,0,0,2025-10-01
승합,진도,전기버스 우선,0,0,0,0,2025-10-01
승합,진도,전기버스 일반,1,1,0,1,2025-10-01
승합,진도,어린이버스 우선,0,0,0,0,2025-10-01
승합,진도,어린이버스 일반,0,0,0,0,2025-10-01
승합,신안,전기버스 우선,0,0,0,0,2025-10-01
승합,신안,전기버스 일반,1,1,0,1,2025-10-01
승합,신안,어린이버스 우선,0,0,0,0,2025-10-01
승합,신안,어린이버스 일반,0,0,0,0,2025-10-01
승합,포항,전기버스 우선,0,0,0,0,2025-10-01
승합,포항,전기버스 일반,11,1,1,10,2025-10-01
승합,포항,어린이버스 우선,0,0,0,0,2025-10-01
승합,포항,어린이버스 일반,0,5,0,0,2025-10-01
승합,경주,전기버스 우선,0,0,0,0,2025-10-01
승합,경주,전기버스 일반,27,23,7,20,2025-10-01
승합,경주,어린이버스 우선,0,0,0,0,2025-10-01
승합,경주,어린이버스 일반,27,23,7,20,2025-10-01
승합,경주,어린이버스 우선,0,0,0,0,2025-10-01
승합,경주,어린이버스 일반,0,5,1,0,2025-10-01
승합,김천,전기버스 우선,0,0,0,0,2025-10-01
승합,김천,전기버스 일반,6,0,0,6,2025-10-01
승합,김천,어린이버스 우선,0,0,0,0,2025-10-01
승합,김천,어린이버스 일반,0,2,0,0,2025-10-01
승합,안동,전기버스 우선,0,0,0,0,2025-10-01
승합,안동,전기버스 일반,3,19,18,0,2025-10-01
승합,안동,어린이버스 우선,0,0,0,0,2025-10-01
승합,안동,어린이버스 일반,0,0,0,0,2025-10-01
승합,구미,전기버스 우선,0,0,0,0,2025-10-01
승합,구미,전기버스 일반,6,1,0,6,2025-10-01
승합,구미,어린이버스 우선,0,0,0,0,2025-10-01
승합,구미,어린이버스 일반,0,4,0,0,2025-10-01
승합,영주,전기버스 우선,0,0,0,0,2025-10-01
승합,영주,전기버스 일반,4,3,3,1,2025-10-01
승합,영주,어린이버스 우선,0,0,0,0,2025-10-01
승합,영주,어린이버스 일반,0,0,0,0,2025-10-01
승합,영천,전기버스 우선,0,0,0,0,2025-10-01
승합,영천,전기버스 일반,14,13,13,1,2025-10-01
승합,영천,어린이버스 우선,0,0,0,0,2025-10-01
승합,영천,어린이버스 일반,0,0,0,0,2025-10-01
승합,상주,전기버스 우선,0,0,0,0,2025-10-01
승합,상주,전기버스 일반,10,9,2,8,2025-10-01
승합,상주,어린이버스 우선,0,0,0,0,2025-10-01
승합,상주,어린이버스 일반,0,0,0,0,2025-10-01
승합,문경,전기버스 우선,0,0,0,0,2025-10-01
승합,문경,전기버스 일반,16,7,0,16,2025-10-01
승합,문경,어린이버스 우선,0,0,0,0,2025-10-01
승합,문경,어린이버스 일반,0,0,0,0,2025-10-01
승합,경산,전기버스 우선,0,0,0,0,2025-10-01
승합,경산,전기버스 일반,18,16,14,4,2025-10-01
승합,경산,어린이버스 우선,0,0,0,0,2025-10-01
승합,경산,어린이버스 일반,0,2,0,0,2025-10-01
승합,청송,전기버스 우선,0,0,0,0,2025-10-01
승합,청송,전기버스 일반,1,1,1,0,2025-10-01
승합,청송,어린이버스 우선,0,0,0,0,2025-10-01
승합,청송,어린이버스 일반,0,0,0,0,2025-10-01
승합,영양,전기버스 우선,0,0,0,0,2025-10-01
승합,영양,전기버스 일반,1,1,1,0,2025-10-01
승합,영양,어린이버스 우선,0,0,0,0,2025-10-01
승합,영양,어린이버스 일반,0,0,0,0,2025-10-01
승합,영덕,전기버스 우선,0,0,0,0,2025-10-01
승합,영덕,전기버스 일반,3,3,3,0,2025-10-01
승합,영덕,어린이버스 우선,0,0,0,0,2025-10-01
승합,영덕,어린이버스 일반,0,0,0,0,2025-10-01
승합,고령,어린이버스 우선,0,0,0,0,2025-10-01
승합,고령,어린이버스 일반,0,1,0,0,2025-10-01
승합,성주,전기버스 우선,0,0,0,0,2025-10-01
승합,성주,전기버스 일반,2,3,0,2,2025-10-01
승합,성주,어린이버스 우선,0,0,0,0,2025-10-01
승합,성주,어린이버스 일반,0,0,0,0,2025-10-01
승합,예천,전기버스 우선,0,0,0,0,2025-10-01
승합,예천,전기버스 일반,3,2,2,1,2025-10-01
승합,예천,어린이버스 우선,0,0,0,0,2025-10-01
승합,예천,어린이버스 일반,0,1,0,0,2025-10-01
승합,봉화,전기버스 우선,0,0,0,0,2025-10-01
승합,봉화,전기버스 일반,3,3,3,0,2025-10-01
승합,봉화,어린이버스 우선,0,0,0,0,2025-10-01
승합,봉화,어린이버스 일반,0,0,0,0,2025-10-01
승합,울진,전기버스 우선,1,0,0,1,2025-10-01
승합,울진,전기버스 일반,3,3,3,0,2025-10-01
승합,울진,어린이버스 우선,0,0,0,0,2025-10-01
승합,울진,어린이버스 일반,0,1,0,0,2025-10-01
승합,창원,전기버스 우선,0,0,0,0,2025-10-01
승합,창원,전기버스 일반,56,57,34,22,2025-10-01
승합,창원,어린이버스 우선,0,0,0,0,2025-10-01
승합,창원,어린이버스 일반,0,0,0,0,2025-10-01
승합,진주,전기버스 우선,0,0,0,0,2025-10-01
승합,진주,전기버스 일반,30,34,27,3,2025-10-01
승합,진주,어린이버스 우선,0,0,0,0,2025-10-01
승합,진주,어린이버스 일반,0,1,0,0,2025-10-01
승합,사천,전기버스 우선,7,0,0,7,2025-10-01
승합,사천,전기버스 일반,0,6,4,0,2025-10-01
승합,사천,어린이버스 우선,0,0,0,0,2025-10-01
승합,사천,어린이버스 일반,0,1,0,0,2025-10-01
승합,김해,전기버스 우선,0,0,0,0,2025-10-01
승합,김해,전기버스 일반,16,16,0,16,2025-10-01
승합,김해,어린이버스 우선,0,0,0,0,2025-10-01
승합,김해,어린이버스 일반,0,1,1,0,2025-10-01
승합,밀양,전기버스 우선,5,0,0,5,2025-10-01
승합,밀양,전기버스 일반,1,5,5,0,2025-10-01
승합,밀양,어린이버스 우선,0,0,0,0,2025-10-01
승합,밀양,어린이버스 일반,0,1,1,0,2025-10-01
승합,거제,전기버스 우선,0,0,0,0,2025-10-01
승합,거제,전기버스 일반,17,18,15,2,2025-10-01
승합,거제,어린이버스 우선,0,0,0,0,2025-10-01
승합,거제,어린이버스 일반,0,0,0,0,2025-10-01
승합,양산,전기버스 우선,0,0,0,0,2025-10-01
승합,양산,전기버스 일반,24,17,10,14,2025-10-01
승합,양산,어린이버스 우선,0,0,0,0,2025-10-01
승합,양산,어린이버스 일반,0,2,2,0,2025-10-01
승합,함안,전기버스 우선,0,0,0,0,2025-10-01
승합,함안,전기버스 일반,2,2,2,0,2025-10-01
승합,함안,어린이버스 우선,0,0,0,0,2025-10-01
승합,함안,어린이버스 일반,0,0,0,0,2025-10-01
승합,고성(경남),전기버스 우선,0,0,0,0,2025-10-01
승합,고성(경남),전기버스 일반,5,5,0,5,2025-10-01
승합,고성(경남),어린이버스 우선,0,0,0,0,2025-10-01
승합,고성(경남),어린이버스 일반,0,0,0,0,2025-10-01
승합,하동,전기버스 우선,0,0,0,0,2025-10-01
승합,하동,전기버스 일반,2,2,0,2,2025-10-01
승합,하동,어린이버스 우선,0,0,0,0,2025-10-01
승합,하동,어린이버스 일반,0,0,0,0,2025-10-01
승합,합천,전기버스 우선,0,0,0,0,2025-10-01
승합,합천,전기버스 일반,5,5,0,5,2025-10-01
승합,합천,어린이버스 우선,0,0,0,0,2025-10-01
승합,합천,어린이버스 일반,0,0,0,0,2025-10-01
