구분,지역,유형,공고대수,접수대수,출고대수,잔여대수,날짜
승용,서울,우선,0,3335,3090,0,2025-09-20
승용,서울,법인,0,389,351,0,2025-09-20
승용,서울,택시,1200,1025,967,233,2025-09-20
승용,서울,일반,9174,5981,5494,3680,2025-09-20
승용,부산,우선,1300,1808,1664,0,2025-09-20
승용,부산,법인,0,156,149,0,2025-09-20
승용,부산,택시,800,722,690,110,2025-09-20
승용,부산,일반,4200,3102,2814,1386,2025-09-20
승용,대구,우선,297,1300,1266,0,2025-09-20
승용,대구,법인,0,117,115,0,2025-09-20
승용,대구,택시,594,320,315,279,2025-09-20
승용,대구,일반,2079,2223,2174,0,2025-09-20
승용,인천,우선,0,2361,2177,0,2025-09-20
승용,인천,법인,0,153,133,0,2025-09-20
승용,인천,택시,0,233,219,0,2025-09-20
승용,인천,일반,6850,3945,3608,3242,2025-09-20
승용,광주,우선,0,596,596,0,2025-09-20
승용,광주,법인,0,40,40,0,2025-09-20
승용,광주,택시,0,198,198,0,2025-09-20
승용,광주,일반,2227,1115,1115,1112,2025-09-20
승용,대전,우선,0,816,816,0,2025-09-20
승용,대전,법인,0,51,51,0,2025-09-20
승용,대전,택시,0,173,173,0,2025-09-20
승용,대전,일반,2875,1422,1422,1453,2025-09-20
승용,울산,우선,0,705,652,0,2025-09-20
승용,울산,법인,0,35,34,0,2025-09-20
승용,울산,택시,0,130,126,0,2025-09-20
승용,울산,일반,2664,1093,1020,1644,2025-09-20
승용,세종,우선,0,143,142,0,2025-09-20
승용,세종,법인,0,5,5,0,2025-09-20
승용,세종,택시,0,6,6,0,2025-09-20
승용,세종,일반,150,202,198,0,2025-09-20
승용,수원,우선,83,86,86,0,2025-09-20
승용,수원,법인,0,2,2,0,2025-09-20
승용,수원,택시,47,77,76,0,2025-09-20
승용,수원,일반,1795,2016,1989,0,2025-09-20
승용,성남,우선,180,709,669,0,2025-09-20
승용,성남,법인,0,55,51,0,2025-09-20
승용,성남,택시,220,95,93,127,2025-09-20
승용,성남,일반,1400,1248,1176,224,2025-09-20
승용,의정부,우선,73,150,112,0,2025-09-20
승용,의정부,법인,0,2,2,0,2025-09-20
승용,의정부,택시,73,25,21,52,2025-09-20
승용,의정부,일반,577,312,232,345,2025-09-20
승용,안양,우선,120,332,318,0,2025-09-20
승용,안양,법인,0,33,32,0,2025-09-20
승용,안양,택시,120,58,58,62,2025-09-20
승용,안양,일반,956,657,615,341,2025-09-20
승용,부천,우선,15,92,88,0,2025-09-20
승용,부천,법인,0,14,13,0,2025-09-20
승용,부천,택시,15,32,31,0,2025-09-20
승용,부천,일반,170,181,176,0,2025-09-20
승용,광명,우선,263,122,121,142,2025-09-20
승용,광명,법인,0,15,15,0,2025-09-20
승용,광명,택시,0,11,11,0,2025-09-20
승용,광명,일반,376,212,212,164,2025-09-20
승용,평택,우선,23,345,342,0,2025-09-20
승용,평택,법인,0,23,23,0,2025-09-20
승용,평택,택시,23,37,37,0,2025-09-20
승용,평택,일반,184,666,665,0,2025-09-20
승용,동두천,우선,40,37,32,8,2025-09-20
승용,동두천,법인,0,0,0,0,2025-09-20
승용,동두천,택시,32,3,3,29,2025-09-20
승용,동두천,일반,248,84,77,171,2025-09-20
승용,안산,우선,46,102,74,0,2025-09-20
승용,안산,법인,0,43,37,0,2025-09-20
승용,안산,택시,46,31,25,21,2025-09-20
승용,안산,일반,768,614,556,212,2025-09-20
승용,고양,우선,172,696,644,0,2025-09-20
승용,고양,법인,0,61,57,0,2025-09-20
승용,고양,택시,172,62,61,111,2025-09-20
승용,고양,일반,1376,1377,1238,138,2025-09-20
승용,과천,우선,0,95,92,0,2025-09-20
승용,과천,법인,0,1,1,0,2025-09-20
승용,과천,택시,30,5,4,26,2025-09-20
승용,과천,일반,320,126,119,201,2025-09-20
승용,구리,우선,0,117,100,0,2025-09-20
승용,구리,법인,0,7,5,0,2025-09-20
승용,구리,택시,40,23,23,17,2025-09-20
승용,구리,일반,370,224,195,175,2025-09-20
승용,남양주,우선,100,562,539,0,2025-09-20
승용,남양주,법인,0,42,42,0,2025-09-20
승용,남양주,택시,80,30,29,51,2025-09-20
승용,남양주,일반,1364,977,919,445,2025-09-20
승용,오산,우선,0,176,157,0,2025-09-20
승용,오산,법인,0,21,17,0,2025-09-20
승용,오산,택시,52,17,16,36,2025-09-20
승용,오산,일반,455,455,406,49,2025-09-20
승용,시흥,우선,0,223,199,0,2025-09-20
승용,시흥,법인,0,36,32,0,2025-09-20
승용,시흥,택시,0,40,36,0,2025-09-20
승용,시흥,일반,1232,733,672,560,2025-09-20
승용,군포,우선,50,131,124,0,2025-09-20
승용,군포,법인,0,16,14,0,2025-09-20
승용,군포,택시,50,12,12,38,2025-09-20
승용,군포,일반,400,227,214,186,2025-09-20
승용,의왕,우선,39,117,105,0,2025-09-20
승용,의왕,법인,0,6,5,0,2025-09-20
승용,의왕,택시,39,10,10,29,2025-09-20
승용,의왕,일반,312,220,200,112,2025-09-20
승용,하남,우선,112,99,98,14,2025-09-20
승용,하남,법인,0,19,17,0,2025-09-20
승용,하남,택시,112,12,11,101,2025-09-20
승용,하남,일반,889,782,717,172,2025-09-20
승용,용인,우선,300,840,837,0,2025-09-20
승용,용인,법인,0,52,52,0,2025-09-20
승용,용인,택시,300,53,53,247,2025-09-20
승용,용인,일반,3384,1467,1464,1920,2025-09-20
승용,파주,우선,150,212,212,0,2025-09-20
승용,파주,법인,0,48,47,0,2025-09-20
승용,파주,택시,150,20,20,130,2025-09-20
승용,파주,일반,1251,1194,1172,79,2025-09-20
승용,이천,우선,0,214,202,0,2025-09-20
승용,이천,법인,0,13,13,0,2025-09-20
승용,이천,택시,50,19,19,31,2025-09-20
승용,이천,일반,650,356,329,321,2025-09-20
승용,안성,우선,47,27,27,20,2025-09-20
승용,안성,법인,0,18,18,0,2025-09-20
승용,안성,택시,38,4,4,34,2025-09-20
승용,안성,일반,384,298,293,91,2025-09-20
승용,김포,우선,481,446,409,72,2025-09-20
승용,김포,법인,0,37,31,0,2025-09-20
승용,김포,택시,126,14,12,114,2025-09-20
승용,김포,일반,1259,728,674,585,2025-09-20
승용,화성,우선,474,474,474,0,2025-09-20
승용,화성,법인,0,89,89,0,2025-09-20
승용,화성,택시,0,78,70,0,2025-09-20
승용,화성,일반,4245,2340,2326,1919,2025-09-20
승용,광주(경기),우선,0,290,275,0,2025-09-20
승용,광주(경기),법인,0,26,24,0,2025-09-20
승용,광주(경기),택시,0,22,22,0,2025-09-20
승용,광주(경기),일반,1000,616,572,428,2025-09-20
승용,양주,우선,70,216,212,0,2025-09-20
승용,양주,법인,11,12,12,0,2025-09-20
승용,양주,택시,70,7,7,63,2025-09-20
승용,양주,일반,547,457,452,95,2025-09-20
승용,포천,우선,36,35,34,2,2025-09-20
승용,포천,법인,0,19,19,0,2025-09-20
승용,포천,택시,36,24,24,12,2025-09-20
승용,포천,일반,298,155,149,149,2025-09-20
승용,여주,우선,42,70,64,0,2025-09-20
승용,여주,법인,0,13,12,0,2025-09-20
승용,여주,택시,42,4,3,39,2025-09-20
승용,여주,일반,328,193,178,150,2025-09-20
승용,연천,우선,11,30,30,0,2025-09-20
승용,연천,법인,0,7,6,0,2025-09-20
승용,연천,택시,11,0,0,11,2025-09-20
승용,연천,일반,82,67,65,17,2025-09-20
승용,가평,우선,16,42,38,0,2025-09-20
승용,가평,법인,0,3,3,0,2025-09-20
승용,가평,택시,16,3,3,13,2025-09-20
승용,가평,일반,128,92,83,45,2025-09-20
승용,양평,우선,0,98,95,0,2025-09-20
승용,양평,법인,0,3,3,0,2025-09-20
승용,양평,택시,0,19,19,0,2025-09-20
승용,양평,일반,312,190,187,125,2025-09-20
승용,춘천,우선,0,109,93,0,2025-09-20
승용,춘천,법인,0,13,11,0,2025-09-20
승용,춘천,택시,0,32,31,0,2025-09-20
승용,춘천,일반,100,489,452,0,2025-09-20
승용,원주,우선,50,249,249,0,2025-09-20
승용,원주,법인,0,7,7,0,2025-09-20
승용,원주,택시,50,55,55,0,2025-09-20
승용,원주,일반,800,510,504,296,2025-09-20
승용,강릉,우선,34,38,37,0,2025-09-20
승용,강릉,법인,0,13,10,0,2025-09-20
승용,강릉,택시,23,12,9,14,2025-09-20
승용,강릉,일반,311,321,297,14,2025-09-20
승용,동해,우선,10,22,18,0,2025-09-20
승용,동해,법인,0,2,2,0,2025-09-20
승용,동해,택시,10,11,11,0,2025-09-20
승용,동해,일반,154,116,108,46,2025-09-20
승용,태백,우선,6,26,21,0,2025-09-20
승용,태백,법인,0,2,2,0,2025-09-20
승용,태백,택시,6,6,6,0,2025-09-20
승용,태백,일반,71,49,46,25,2025-09-20
승용,속초,우선,10,23,23,0,2025-09-20
승용,속초,법인,0,0,0,0,2025-09-20
승용,속초,택시,10,6,6,4,2025-09-20
승용,속초,일반,78,74,73,5,2025-09-20
승용,삼척,우선,18,32,32,0,2025-09-20
승용,삼척,법인,0,2,2,0,2025-09-20
승용,삼척,택시,18,2,2,16,2025-09-20
승용,삼척,일반,144,40,34,110,2025-09-20
승용,홍천,우선,15,22,19,0,2025-09-20
승용,홍천,법인,0,5,5,0,2025-09-20
승용,홍천,택시,15,0,0,15,2025-09-20
승용,홍천,일반,119,73,68,51,2025-09-20
승용,횡성,우선,0,9,8,0,2025-09-20
승용,횡성,법인,0,2,2,0,2025-09-20
승용,횡성,택시,0,0,0,0,2025-09-20
승용,횡성,일반,76,42,42,34,2025-09-20
승용,영월,우선,0,6,5,0,2025-09-20
승용,영월,법인,0,1,1,0,2025-09-20
승용,영월,택시,0,0,0,0,2025-09-20
승용,영월,일반,60,49,47,13,2025-09-20
승용,평창,우선,7,13,13,0,2025-09-20
승용,평창,법인,0,2,2,0,2025-09-20
승용,평창,택시,7,0,0,7,2025-09-20
승용,평창,일반,48,34,34,14,2025-09-20
승용,정선,우선,5,17,15,0,2025-09-20
승용,정선,법인,0,3,3,0,2025-09-20
승용,정선,택시,5,0,0,5,2025-09-20
승용,정선,일반,45,32,28,17,2025-09-20
승용,철원,우선,0,20,19,0,2025-09-20
승용,철원,법인,0,1,1,0,2025-09-20
승용,철원,택시,0,0,0,0,2025-09-20
승용,철원,일반,50,39,39,11,2025-09-20
승용,화천,우선,3,6,6,0,2025-09-20
승용,화천,법인,0,1,1,0,2025-09-20
승용,화천,택시,3,1,1,2,2025-09-20
승용,화천,일반,21,13,13,8,2025-09-20
승용,양구,우선,0,12,10,0,2025-09-20
승용,양구,법인,0,1,1,0,2025-09-20
승용,양구,택시,0,3,2,0,2025-09-20
승용,양구,일반,45,23,20,25,2025-09-20
승용,인제,우선,7,18,17,0,2025-09-20
승용,인제,법인,0,3,3,0,2025-09-20
승용,인제,택시,7,2,1,6,2025-09-20
승용,인제,일반,56,34,32,24,2025-09-20
승용,고성,우선,2,12,12,0,2025-09-20
승용,고성,법인,0,0,0,0,2025-09-20
승용,고성,택시,2,0,0,2,2025-09-20
승용,고성,일반,19,19,17,2,2025-09-20
승용,양양,우선,0,8,7,0,2025-09-20
승용,양양,법인,0,1,1,0,2025-09-20
승용,양양,택시,0,5,5,0,2025-09-20
승용,양양,일반,51,15,14,37,2025-09-20
승용,청주,우선,1288,617,503,785,2025-09-20
승용,청주,법인,431,50,41,390,2025-09-20
승용,청주,택시,431,154,126,305,2025-09-20
승용,청주,일반,2303,2129,1792,511,2025-09-20
승용,충주,우선,96,251,212,0,2025-09-20
승용,충주,법인,0,16,16,0,2025-09-20
승용,충주,택시,96,22,20,76,2025-09-20
승용,충주,일반,1142,539,416,726,2025-09-20
승용,제천,우선,80,120,117,0,2025-09-20
승용,제천,법인,0,8,8,0,2025-09-20
승용,제천,택시,160,38,37,123,2025-09-20
승용,제천,일반,720,296,275,445,2025-09-20
승용,보은,우선,10,10,10,0,2025-09-20
승용,보은,법인,0,1,1,0,2025-09-20
승용,보은,택시,10,0,0,10,2025-09-20
승용,보은,일반,80,50,50,30,2025-09-20
승용,옥천,우선,0,33,33,0,2025-09-20
승용,옥천,법인,0,5,5,0,2025-09-20
승용,옥천,택시,0,1,1,0,2025-09-20
승용,옥천,일반,130,74,74,56,2025-09-20
승용,영동,우선,30,34,31,0,2025-09-20
승용,영동,법인,0,5,5,0,2025-09-20
승용,영동,택시,15,3,3,12,2025-09-20
승용,영동,일반,105,80,65,40,2025-09-20
승용,증평,우선,44,53,46,0,2025-09-20
승용,증평,법인,0,0,0,0,2025-09-20
승용,증평,택시,15,3,3,12,2025-09-20
승용,증평,일반,91,72,69,22,2025-09-20
승용,진천,우선,10,96,95,0,2025-09-20
승용,진천,법인,0,11,11,0,2025-09-20
승용,진천,택시,0,0,0,0,2025-09-20
승용,진천,일반,140,162,162,0,2025-09-20
승용,괴산,우선,30,31,29,1,2025-09-20
승용,괴산,법인,0,6,6,0,2025-09-20
승용,괴산,택시,30,0,0,30,2025-09-20
승용,괴산,일반,240,81,71,169,2025-09-20
승용,음성,우선,0,56,53,0,2025-09-20
승용,음성,법인,0,9,9,0,2025-09-20
승용,음성,택시,9,1,1,8,2025-09-20
승용,음성,일반,27,138,133,0,2025-09-20
승용,단양,우선,15,32,28,0,2025-09-20
승용,단양,법인,6,6,5,1,2025-09-20
승용,단양,택시,2,1,1,1,2025-09-20
승용,단양,일반,102,91,76,26,2025-09-20
승용,천안,우선,104,297,250,0,2025-09-20
승용,천안,법인,0,49,38,0,2025-09-20
승용,천안,택시,104,129,104,0,2025-09-20
승용,천안,일반,828,894,808,20,2025-09-20
승용,공주,우선,22,52,51,0,2025-09-20
승용,공주,법인,0,15,15,0,2025-09-20
승용,공주,택시,22,12,11,11,2025-09-20
승용,공주,일반,374,196,189,185,2025-09-20
승용,보령,우선,7,20,20,0,2025-09-20
승용,보령,법인,0,4,4,0,2025-09-20
승용,보령,택시,7,10,10,0,2025-09-20
승용,보령,일반,116,71,69,47,2025-09-20
승용,아산,우선,89,144,106,0,2025-09-20
승용,아산,법인,0,16,13,0,2025-09-20
승용,아산,택시,24,19,19,5,2025-09-20
승용,아산,일반,551,631,553,0,2025-09-20
승용,서산,우선,0,77,73,0,2025-09-20
승용,서산,법인,0,10,10,0,2025-09-20
승용,서산,택시,0,9,9,0,2025-09-20
승용,서산,일반,498,364,354,144,2025-09-20
승용,논산,우선,15,63,61,0,2025-09-20
승용,논산,법인,0,11,10,0,2025-09-20
승용,논산,택시,15,1,1,14,2025-09-20
승용,논산,일반,205,167,157,48,2025-09-20
승용,계룡,우선,58,48,41,17,2025-09-20
승용,계룡,법인,6,2,1,5,2025-09-20
승용,계룡,택시,28,0,0,28,2025-09-20
승용,계룡,일반,207,142,115,92,2025-09-20
승용,당진,우선,20,140,85,0,2025-09-20
승용,당진,법인,0,13,8,0,2025-09-20
승용,당진,택시,20,10,9,11,2025-09-20
승용,당진,일반,270,273,175,95,2025-09-20
승용,금산,우선,18,31,30,0,2025-09-20
승용,금산,법인,0,6,6,0,2025-09-20
승용,금산,택시,18,1,1,17,2025-09-20
승용,금산,일반,124,108,108,16,2025-09-20
승용,부여,우선,12,27,22,0,2025-09-20
승용,부여,법인,0,7,5,0,2025-09-20
승용,부여,택시,12,2,1,11,2025-09-20
승용,부여,일반,146,93,81,65,2025-09-20
승용,서천,우선,0,13,13,0,2025-09-20
승용,서천,법인,0,2,2,0,2025-09-20
승용,서천,택시,0,3,3,0,2025-09-20
승용,서천,일반,0,42,42,0,2025-09-20
승용,청양,우선,0,22,22,0,2025-09-20
승용,청양,법인,0,2,2,0,2025-09-20
승용,청양,택시,0,0,0,0,2025-09-20
승용,청양,일반,98,51,51,47,2025-09-20
승용,홍성,우선,9,15,15,0,2025-09-20
승용,홍성,법인,0,1,1,0,2025-09-20
승용,홍성,택시,9,9,9,0,2025-09-20
승용,홍성,일반,128,125,125,3,2025-09-20
승용,예산,우선,27,49,49,0,2025-09-20
승용,예산,법인,4,4,4,0,2025-09-20
승용,예산,택시,2,2,2,0,2025-09-20
승용,예산,일반,125,111,111,14,2025-09-20
승용,태안,우선,16,22,20,0,2025-09-20
승용,태안,법인,0,5,5,0,2025-09-20
승용,태안,택시,16,0,0,16,2025-09-20
승용,태안,일반,263,136,116,147,2025-09-20
승용,전주,우선,20,85,79,0,2025-09-20
승용,전주,법인,0,6,6,0,2025-09-20
승용,전주,택시,20,60,58,0,2025-09-20
승용,전주,일반,498,509,480,18,2025-09-20
승용,군산,우선,91,200,104,0,2025-09-20
승용,군산,법인,2,12,3,0,2025-09-20
승용,군산,택시,8,20,9,0,2025-09-20
승용,군산,일반,483,322,173,310,2025-09-20
승용,익산,우선,25,50,44,0,2025-09-20
승용,익산,법인,0,6,6,0,2025-09-20
승용,익산,택시,25,26,25,0,2025-09-20
승용,익산,일반,201,297,276,0,2025-09-20
승용,정읍,우선,15,66,66,0,2025-09-20
승용,정읍,법인,0,7,7,0,2025-09-20
승용,정읍,택시,15,15,15,0,2025-09-20
승용,정읍,일반,238,119,119,119,2025-09-20
승용,남원,우선,0,85,83,0,2025-09-20
승용,남원,법인,0,6,5,0,2025-09-20
승용,남원,택시,0,16,13,0,2025-09-20
승용,남원,일반,311,134,128,183,2025-09-20
승용,김제,우선,20,49,49,0,2025-09-20
승용,김제,법인,0,9,9,0,2025-09-20
승용,김제,택시,20,5,5,15,2025-09-20
승용,김제,일반,153,146,143,10,2025-09-20
승용,완주,우선,21,27,13,8,2025-09-20
승용,완주,법인,6,12,6,0,2025-09-20
승용,완주,택시,7,7,5,2,2025-09-20
승용,완주,일반,159,212,99,60,2025-09-20
승용,진안,우선,4,11,11,0,2025-09-20
승용,진안,법인,0,4,4,0,2025-09-20
승용,진안,택시,4,2,2,2,2025-09-20
승용,진안,일반,32,23,23,9,2025-09-20
승용,무주,우선,5,6,6,0,2025-09-20
승용,무주,법인,0,1,1,0,2025-09-20
승용,무주,택시,5,0,0,5,2025-09-20
승용,무주,일반,41,35,35,6,2025-09-20
승용,장수,우선,6,11,11,0,2025-09-20
승용,장수,법인,0,3,3,0,2025-09-20
승용,장수,택시,6,2,2,4,2025-09-20
승용,장수,일반,49,31,31,18,2025-09-20
승용,임실,우선,15,14,14,1,2025-09-20
승용,임실,법인,0,1,1,0,2025-09-20
승용,임실,택시,2,2,2,0,2025-09-20
승용,임실,일반,71,37,37,34,2025-09-20
승용,순창,우선,5,16,16,0,2025-09-20
승용,순창,법인,0,1,1,0,2025-09-20
승용,순창,택시,4,4,4,0,2025-09-20
승용,순창,일반,32,34,34,0,2025-09-20
승용,고창,우선,13,15,15,0,2025-09-20
승용,고창,법인,0,3,3,0,2025-09-20
승용,고창,택시,13,0,0,13,2025-09-20
승용,고창,일반,107,82,73,34,2025-09-20
승용,부안,우선,10,14,14,0,2025-09-20
승용,부안,법인,0,2,2,0,2025-09-20
승용,부안,택시,10,6,4,6,2025-09-20
승용,부안,일반,101,80,76,25,2025-09-20
승용,목포,우선,14,14,14,0,2025-09-20
승용,목포,법인,0,2,2,0,2025-09-20
승용,목포,택시,14,10,10,4,2025-09-20
승용,목포,일반,112,93,91,21,2025-09-20
승용,여수,우선,33,69,69,0,2025-09-20
승용,여수,법인,0,5,5,0,2025-09-20
승용,여수,택시,33,39,39,0,2025-09-20
승용,여수,일반,260,294,294,0,2025-09-20
승용,순천,우선,68,69,69,0,2025-09-20
승용,순천,법인,0,11,11,0,2025-09-20
승용,순천,택시,0,18,18,0,2025-09-20
승용,순천,일반,615,594,586,29,2025-09-20
승용,나주,우선,6,24,24,0,2025-09-20
승용,나주,법인,0,8,8,0,2025-09-20
승용,나주,택시,6,22,22,0,2025-09-20
승용,나주,일반,48,161,161,0,2025-09-20
승용,광양,우선,25,25,25,0,2025-09-20
승용,광양,법인,0,0,0,0,2025-09-20
승용,광양,택시,7,7,7,0,2025-09-20
승용,광양,일반,312,312,312,0,2025-09-20
승용,담양,우선,0,30,30,0,2025-09-20
승용,담양,법인,0,8,8,0,2025-09-20
승용,담양,택시,0,0,0,0,2025-09-20
승용,담양,일반,150,62,62,88,2025-09-20
승용,곡성,우선,0,23,23,0,2025-09-20
승용,곡성,법인,0,5,5,0,2025-09-20
승용,곡성,택시,0,0,0,0,2025-09-20
승용,곡성,일반,75,51,50,25,2025-09-20
승용,구례,우선,5,15,15,0,2025-09-20
승용,구례,법인,0,0,0,0,2025-09-20
승용,구례,택시,5,2,2,3,2025-09-20
승용,구례,일반,74,51,46,28,2025-09-20
승용,고흥,우선,10,23,21,0,2025-09-20
승용,고흥,법인,0,7,7,0,2025-09-20
승용,고흥,택시,10,1,1,9,2025-09-20
승용,고흥,일반,80,83,78,2,2025-09-20
승용,보성,우선,19,33,33,0,2025-09-20
승용,보성,법인,0,3,3,0,2025-09-20
승용,보성,택시,19,1,1,18,2025-09-20
승용,보성,일반,144,58,58,86,2025-09-20
승용,화순,우선,10,9,9,1,2025-09-20
승용,화순,법인,0,5,5,0,2025-09-20
승용,화순,택시,10,1,1,9,2025-09-20
승용,화순,일반,80,41,41,39,2025-09-20
승용,장흥,우선,9,19,19,0,2025-09-20
승용,장흥,법인,0,2,2,0,2025-09-20
승용,장흥,택시,9,1,1,8,2025-09-20
승용,장흥,일반,71,62,60,11,2025-09-20
승용,강진,우선,0,13,13,0,2025-09-20
승용,강진,법인,0,4,4,0,2025-09-20
승용,강진,택시,0,0,0,0,2025-09-20
승용,강진,일반,20,49,49,0,2025-09-20
승용,해남,우선,0,61,59,0,2025-09-20
승용,해남,법인,0,11,10,0,2025-09-20
승용,해남,택시,0,0,0,0,2025-09-20
승용,해남,일반,330,122,120,210,2025-09-20
승용,영암,우선,10,14,11,0,2025-09-20
승용,영암,법인,0,1,0,0,2025-09-20
승용,영암,택시,0,0,0,0,2025-09-20
승용,영암,일반,35,56,35,0,2025-09-20
승용,무안,우선,23,75,68,0,2025-09-20
승용,무안,법인,0,3,2,0,2025-09-20
승용,무안,택시,35,2,2,33,2025-09-20
승용,무안,일반,238,200,154,84,2025-09-20
승용,함평,우선,9,16,14,0,2025-09-20
승용,함평,법인,0,5,5,0,2025-09-20
승용,함평,택시,9,2,2,7,2025-09-20
승용,함평,일반,72,70,67,5,2025-09-20
승용,영광,우선,0,52,52,0,2025-09-20
승용,영광,법인,0,9,9,0,2025-09-20
승용,영광,택시,0,5,5,0,2025-09-20
승용,영광,일반,155,113,111,44,2025-09-20
승용,장성,우선,0,14,13,0,2025-09-20
승용,장성,법인,0,11,7,0,2025-09-20
승용,장성,택시,0,1,1,0,2025-09-20
승용,장성,일반,80,77,45,35,2025-09-20
승용,완도,우선,0,13,13,0,2025-09-20
승용,완도,법인,0,0,0,0,2025-09-20
승용,완도,택시,0,1,1,0,2025-09-20
승용,완도,일반,85,21,20,65,2025-09-20
승용,진도,우선,6,23,23,0,2025-09-20
승용,진도,법인,0,2,2,0,2025-09-20
승용,진도,택시,6,1,1,5,2025-09-20
승용,진도,일반,66,52,48,18,2025-09-20
승용,신안,우선,7,7,7,0,2025-09-20
승용,신안,법인,0,1,1,0,2025-09-20
승용,신안,택시,7,0,0,7,2025-09-20
승용,신안,일반,86,88,82,4,2025-09-20
승용,포항,우선,100,234,192,0,2025-09-20
승용,포항,법인,11,16,14,0,2025-09-20
승용,포항,택시,120,143,143,0,2025-09-20
승용,포항,일반,506,525,423,83,2025-09-20
승용,경주,우선,85,55,51,34,2025-09-20
승용,경주,법인,0,30,26,0,2025-09-20
승용,경주,택시,115,68,65,50,2025-09-20
승용,경주,일반,694,572,529,165,2025-09-20
승용,김천,우선,30,164,148,0,2025-09-20
승용,김천,법인,0,12,10,0,2025-09-20
승용,김천,택시,30,25,21,9,2025-09-20
승용,김천,일반,440,282,247,193,2025-09-20
승용,안동,우선,44,178,173,0,2025-09-20
승용,안동,법인,0,4,4,0,2025-09-20
승용,안동,택시,44,15,15,29,2025-09-20
승용,안동,일반,504,349,336,168,2025-09-20
승용,구미,우선,0,353,346,0,2025-09-20
승용,구미,법인,0,21,21,0,2025-09-20
승용,구미,택시,0,49,49,0,2025-09-20
승용,구미,일반,606,503,493,113,2025-09-20
승용,영주,우선,20,121,121,0,2025-09-20
승용,영주,법인,0,5,5,0,2025-09-20
승용,영주,택시,20,15,15,5,2025-09-20
승용,영주,일반,305,181,180,125,2025-09-20
승용,영천,우선,60,102,95,0,2025-09-20
승용,영천,법인,0,13,12,0,2025-09-20
승용,영천,택시,60,13,13,47,2025-09-20
승용,영천,일반,479,180,167,312,2025-09-20
승용,상주,우선,45,59,55,0,2025-09-20
승용,상주,법인,0,9,9,0,2025-09-20
승용,상주,택시,45,9,9,36,2025-09-20
승용,상주,일반,410,143,126,284,2025-09-20
승용,문경,우선,18,44,37,0,2025-09-20
승용,문경,법인,0,5,5,0,2025-09-20
승용,문경,택시,36,1,1,35,2025-09-20
승용,문경,일반,126,102,98,28,2025-09-20
승용,경산,우선,30,204,199,0,2025-09-20
승용,경산,법인,2,17,16,0,2025-09-20
승용,경산,택시,2,23,23,0,2025-09-20
승용,경산,일반,166,350,340,0,2025-09-20
승용,의성,우선,16,36,29,0,2025-09-20
승용,의성,법인,0,5,4,0,2025-09-20
승용,의성,택시,16,2,2,14,2025-09-20
승용,의성,일반,122,84,73,49,2025-09-20
승용,청송,우선,0,10,10,0,2025-09-20
승용,청송,법인,0,1,1,0,2025-09-20
승용,청송,택시,0,0,0,0,2025-09-20
승용,청송,일반,0,47,47,0,2025-09-20
승용,영양,우선,7,11,9,0,2025-09-20
승용,영양,법인,0,0,0,0,2025-09-20
승용,영양,택시,7,0,0,7,2025-09-20
승용,영양,일반,21,29,28,0,2025-09-20
승용,영덕,우선,10,20,19,0,2025-09-20
승용,영덕,법인,0,5,5,0,2025-09-20
승용,영덕,택시,10,1,1,9,2025-09-20
승용,영덕,일반,100,64,60,40,2025-09-20
승용,청도,우선,26,17,14,12,2025-09-20
승용,청도,법인,0,4,3,0,2025-09-20
승용,청도,택시,26,1,1,25,2025-09-20
승용,청도,일반,168,69,68,100,2025-09-20
승용,고령,우선,18,33,31,0,2025-09-20
승용,고령,법인,0,7,6,0,2025-09-20
승용,고령,택시,0,0,0,0,2025-09-20
승용,고령,일반,102,54,47,55,2025-09-20
승용,성주,우선,10,29,25,0,2025-09-20
승용,성주,법인,0,9,9,0,2025-09-20
승용,성주,택시,10,0,0,10,2025-09-20
승용,성주,일반,83,84,75,8,2025-09-20
승용,칠곡,우선,40,103,102,0,2025-09-20
승용,칠곡,법인,0,18,17,0,2025-09-20
승용,칠곡,택시,40,23,22,18,2025-09-20
승용,칠곡,일반,320,235,229,91,2025-09-20
승용,예천,우선,27,91,80,0,2025-09-20
승용,예천,법인,0,0,0,0,2025-09-20
승용,예천,택시,27,1,1,26,2025-09-20
승용,예천,일반,246,132,115,131,2025-09-20
승용,봉화,우선,7,20,20,0,2025-09-20
승용,봉화,법인,0,0,0,0,2025-09-20
승용,봉화,택시,7,2,2,5,2025-09-20
승용,봉화,일반,56,47,47,9,2025-09-20
승용,울진,우선,0,46,44,0,2025-09-20
승용,울진,법인,0,2,2,0,2025-09-20
승용,울진,택시,0,0,0,0,2025-09-20
승용,울진,일반,173,89,81,92,2025-09-20
승용,울릉,우선,20,32,32,0,2025-09-20
승용,울릉,법인,0,1,1,0,2025-09-20
승용,울릉,택시,20,0,0,20,2025-09-20
승용,울릉,일반,92,69,69,23,2025-09-20
승용,창원,우선,155,347,173,0,2025-09-20
승용,창원,법인,0,11,1,0,2025-09-20
승용,창원,택시,175,148,134,41,2025-09-20
승용,창원,일반,1920,1890,1318,602,2025-09-20
승용,진주,우선,60,60,60,0,2025-09-20
승용,진주,법인,0,7,7,0,2025-09-20
승용,진주,택시,60,28,28,32,2025-09-20
승용,진주,일반,730,503,503,227,2025-09-20
승용,통영,우선,39,57,57,0,2025-09-20
승용,통영,법인,0,2,2,0,2025-09-20
승용,통영,택시,39,24,24,15,2025-09-20
승용,통영,일반,304,104,102,202,2025-09-20
승용,사천,우선,48,91,88,0,2025-09-20
승용,사천,법인,0,2,2,0,2025-09-20
승용,사천,택시,48,8,8,40,2025-09-20
승용,사천,일반,384,158,148,236,2025-09-20
승용,김해,우선,70,86,81,0,2025-09-20
승용,김해,법인,0,45,42,0,2025-09-20
승용,김해,택시,120,104,101,19,2025-09-20
승용,김해,일반,1467,1312,1089,378,2025-09-20
승용,밀양,우선,27,34,31,0,2025-09-20
승용,밀양,법인,0,6,5,0,2025-09-20
승용,밀양,택시,27,18,18,9,2025-09-20
승용,밀양,일반,498,213,200,298,2025-09-20
승용,거제,우선,0,169,131,0,2025-09-20
승용,거제,법인,0,9,6,0,2025-09-20
승용,거제,택시,0,30,18,0,2025-09-20
승용,거제,일반,600,320,225,375,2025-09-20
승용,양산,우선,60,79,79,0,2025-09-20
승용,양산,법인,0,17,17,0,2025-09-20
승용,양산,택시,60,23,23,37,2025-09-20
승용,양산,일반,748,737,737,11,2025-09-20
승용,의령,우선,6,14,14,0,2025-09-20
승용,의령,법인,0,3,3,0,2025-09-20
승용,의령,택시,6,0,0,6,2025-09-20
승용,의령,일반,54,43,38,16,2025-09-20
승용,함안,우선,30,50,46,0,2025-09-20
승용,함안,법인,0,18,16,0,2025-09-20
승용,함안,택시,30,3,3,27,2025-09-20
승용,함안,일반,230,94,79,151,2025-09-20
승용,창녕,우선,0,45,43,0,2025-09-20
승용,창녕,법인,0,5,5,0,2025-09-20
승용,창녕,택시,0,1,1,0,2025-09-20
승용,창녕,일반,122,132,130,0,2025-09-20
승용,고성(경남),우선,16,24,21,0,2025-09-20
승용,고성(경남),법인,0,6,6,0,2025-09-20
승용,고성(경남),택시,16,1,1,15,2025-09-20
승용,고성(경남),일반,182,66,60,122,2025-09-20
승용,남해,우선,0,15,13,0,2025-09-20
승용,남해,법인,0,1,1,0,2025-09-20
승용,남해,택시,0,1,1,0,2025-09-20
승용,남해,일반,296,52,50,246,2025-09-20
승용,하동,우선,5,5,5,0,2025-09-20
승용,하동,법인,0,0,0,0,2025-09-20
승용,하동,택시,5,2,2,3,2025-09-20
승용,하동,일반,182,61,54,128,2025-09-20
승용,산청,우선,12,8,7,5,2025-09-20
승용,산청,법인,0,0,0,0,2025-09-20
승용,산청,택시,12,0,0,12,2025-09-20
승용,산청,일반,177,49,49,128,2025-09-20
승용,함양,우선,0,18,18,0,2025-09-20
승용,함양,법인,0,3,3,0,2025-09-20
승용,함양,택시,0,0,0,0,2025-09-20
승용,함양,일반,96,34,28,68,2025-09-20
승용,거창,우선,13,26,26,0,2025-09-20
승용,거창,법인,0,4,4,0,2025-09-20
승용,거창,택시,13,2,2,11,2025-09-20
승용,거창,일반,100,83,82,18,2025-09-20
승용,합천,우선,0,45,35,0,2025-09-20
승용,합천,법인,0,6,5,0,2025-09-20
승용,합천,택시,0,4,3,0,2025-09-20
승용,합천,일반,121,124,85,36,2025-09-20
승용,제주,우선,300,1297,1153,0,2025-09-20
승용,제주,법인,100,71,61,39,2025-09-20
승용,제주,택시,300,284,252,48,2025-09-20
승용,제주,일반,3200,1200,1057,2143,2025-09-20
승용,한국환경공단,우선,0,867,578,0,2025-09-20
승용,한국환경공단,법인,0,28165,23905,0,2025-09-20
승용,한국환경공단,택시,0,53,40,0,2025-09-20
승용,한국환경공단,일반,31017,1809,1259,29758,2025-09-20
화물,서울,우선,0,331,270,0,2025-09-20
화물,서울,중소,0,317,298,0,2025-09-20
화물,서울,법인,0,62,53,0,2025-09-20
화물,서울,택배,0,66,63,0,2025-09-20
화물,서울,일반,1000,97,82,918,2025-09-20
화물,부산,우선,690,541,510,180,2025-09-20
화물,부산,중소,80,45,37,43,2025-09-20
화물,부산,법인,0,87,83,0,2025-09-20
화물,부산,택배,150,63,42,108,2025-09-20
화물,부산,일반,241,101,96,145,2025-09-20
화물,대구,우선,50,289,282,0,2025-09-20
화물,대구,중소,50,230,226,0,2025-09-20
화물,대구,법인,0,15,15,0,2025-09-20
화물,대구,택배,100,63,63,37,2025-09-20
화물,대구,일반,300,54,52,248,2025-09-20
화물,인천,우선,0,361,302,0,2025-09-20
화물,인천,중소,0,271,257,0,2025-09-20
화물,인천,법인,0,56,52,0,2025-09-20
화물,인천,택배,0,213,204,0,2025-09-20
화물,인천,일반,1100,128,114,986,2025-09-20
화물,광주,우선,0,117,103,0,2025-09-20
화물,광주,중소,0,78,72,0,2025-09-20
화물,광주,법인,0,22,20,0,2025-09-20
화물,광주,택배,36,19,19,17,2025-09-20
화물,광주,일반,301,95,88,213,2025-09-20
화물,대전,우선,0,106,106,0,2025-09-20
화물,대전,중소,0,130,130,0,2025-09-20
화물,대전,법인,0,13,13,0,2025-09-20
화물,대전,택배,0,45,45,0,2025-09-20
화물,대전,일반,375,27,27,348,2025-09-20
화물,울산,우선,0,133,123,0,2025-09-20
화물,울산,중소,0,95,95,0,2025-09-20
화물,울산,법인,0,28,27,0,2025-09-20
화물,울산,택배,0,12,10,0,2025-09-20
화물,울산,일반,539,34,31,508,2025-09-20
화물,세종,우선,21,23,20,1,2025-09-20
화물,세종,중소,4,30,28,0,2025-09-20
화물,세종,법인,0,1,1,0,2025-09-20
화물,세종,택배,8,10,10,0,2025-09-20
화물,세종,일반,41,15,11,30,2025-09-20
화물,수원,우선,11,12,12,0,2025-09-20
화물,수원,중소,11,14,13,0,2025-09-20
화물,수원,법인,0,2,2,0,2025-09-20
화물,수원,택배,11,18,17,0,2025-09-20
화물,수원,일반,187,178,169,18,2025-09-20
화물,성남,우선,40,36,32,8,2025-09-20
화물,성남,중소,10,56,52,0,2025-09-20
화물,성남,법인,0,8,7,0,2025-09-20
화물,성남,택배,20,6,5,15,2025-09-20
화물,성남,일반,30,22,22,8,2025-09-20
화물,의정부,우선,15,52,41,0,2025-09-20
화물,의정부,중소,15,33,27,0,2025-09-20
화물,의정부,법인,0,3,3,0,2025-09-20
화물,의정부,택배,30,21,21,9,2025-09-20
화물,의정부,일반,88,26,23,65,2025-09-20
화물,안양,우선,21,38,34,0,2025-09-20
화물,안양,중소,21,24,22,0,2025-09-20
화물,안양,법인,0,8,8,0,2025-09-20
화물,안양,택배,42,6,5,37,2025-09-20
화물,안양,일반,125,22,20,105,2025-09-20
화물,부천,우선,5,28,26,0,2025-09-20
화물,부천,중소,3,8,8,0,2025-09-20
화물,부천,법인,0,4,4,0,2025-09-20
화물,부천,택배,6,8,8,0,2025-09-20
화물,부천,일반,26,6,3,23,2025-09-20
화물,광명,우선,0,32,21,0,2025-09-20
화물,광명,중소,0,20,17,0,2025-09-20
화물,광명,법인,0,11,10,0,2025-09-20
화물,광명,택배,0,10,10,0,2025-09-20
화물,광명,일반,95,9,6,89,2025-09-20
화물,평택,우선,0,97,76,0,2025-09-20
화물,평택,중소,0,71,60,0,2025-09-20
화물,평택,법인,0,31,26,0,2025-09-20
화물,평택,택배,0,23,21,0,2025-09-20
화물,평택,일반,63,66,55,8,2025-09-20
화물,동두천,우선,10,9,9,1,2025-09-20
화물,동두천,중소,8,4,4,4,2025-09-20
화물,동두천,법인,0,1,0,0,2025-09-20
화물,동두천,택배,12,4,4,8,2025-09-20
화물,동두천,일반,26,8,8,18,2025-09-20
화물,안산,우선,20,33,25,0,2025-09-20
화물,안산,중소,20,57,50,0,2025-09-20
화물,안산,법인,0,24,22,0,2025-09-20
화물,안산,택배,40,25,18,22,2025-09-20
화물,안산,일반,140,66,58,82,2025-09-20
화물,고양,우선,35,121,106,0,2025-09-20
화물,고양,중소,35,92,85,0,2025-09-20
화물,고양,법인,0,11,10,0,2025-09-20
화물,고양,택배,70,21,19,51,2025-09-20
화물,고양,일반,210,55,50,160,2025-09-20
화물,과천,우선,0,4,4,0,2025-09-20
화물,과천,중소,0,2,2,0,2025-09-20
화물,과천,법인,0,4,3,0,2025-09-20
화물,과천,택배,0,0,0,0,2025-09-20
화물,과천,일반,34,1,1,33,2025-09-20
화물,구리,우선,0,18,17,0,2025-09-20
화물,구리,중소,0,16,14,0,2025-09-20
화물,구리,법인,0,3,2,0,2025-09-20
화물,구리,택배,0,8,8,0,2025-09-20
화물,구리,일반,65,8,4,61,2025-09-20
화물,남양주,우선,20,154,113,0,2025-09-20
화물,남양주,중소,20,108,102,0,2025-09-20
화물,남양주,법인,0,19,16,0,2025-09-20
화물,남양주,택배,40,24,22,18,2025-09-20
화물,남양주,일반,309,48,39,270,2025-09-20
화물,오산,우선,0,43,32,0,2025-09-20
화물,오산,중소,0,34,28,0,2025-09-20
화물,오산,법인,0,7,4,0,2025-09-20
화물,오산,택배,22,11,10,12,2025-09-20
화물,오산,일반,117,12,9,108,2025-09-20
화물,시흥,우선,14,42,38,0,2025-09-20
화물,시흥,중소,14,34,31,0,2025-09-20
화물,시흥,법인,0,28,26,0,2025-09-20
화물,시흥,택배,27,20,20,7,2025-09-20
화물,시흥,일반,179,96,91,88,2025-09-20
화물,군포,우선,5,17,13,0,2025-09-20
화물,군포,중소,5,18,18,0,2025-09-20
화물,군포,법인,0,6,6,0,2025-09-20
화물,군포,택배,10,6,6,4,2025-09-20
화물,군포,일반,30,4,4,26,2025-09-20
화물,의왕,우선,5,17,14,0,2025-09-20
화물,의왕,중소,5,9,7,0,2025-09-20
화물,의왕,법인,0,7,4,0,2025-09-20
화물,의왕,택배,10,3,3,7,2025-09-20
화물,의왕,일반,30,8,6,24,2025-09-20
화물,하남,우선,28,29,27,1,2025-09-20
화물,하남,중소,28,21,19,9,2025-09-20
화물,하남,법인,0,7,7,0,2025-09-20
화물,하남,택배,55,4,4,51,2025-09-20
화물,하남,일반,152,43,32,120,2025-09-20
화물,용인,우선,20,67,64,0,2025-09-20
화물,용인,중소,20,88,88,0,2025-09-20
화물,용인,법인,0,16,16,0,2025-09-20
화물,용인,택배,20,8,8,12,2025-09-20
화물,용인,일반,170,28,28,142,2025-09-20
화물,파주,우선,36,77,72,0,2025-09-20
화물,파주,중소,36,80,73,0,2025-09-20
화물,파주,법인,0,23,20,0,2025-09-20
화물,파주,택배,72,16,15,57,2025-09-20
화물,파주,일반,216,64,48,168,2025-09-20
화물,이천,우선,13,25,21,0,2025-09-20
화물,이천,중소,13,42,39,0,2025-09-20
화물,이천,법인,0,11,10,0,2025-09-20
화물,이천,택배,38,5,5,33,2025-09-20
화물,이천,일반,86,30,27,59,2025-09-20
화물,안성,우선,28,7,7,21,2025-09-20
화물,안성,중소,11,21,15,0,2025-09-20
화물,안성,법인,3,20,13,0,2025-09-20
화물,안성,택배,19,7,6,13,2025-09-20
화물,안성,일반,48,64,58,0,2025-09-20
화물,김포,우선,161,92,81,80,2025-09-20
화물,김포,중소,100,77,71,29,2025-09-20
화물,김포,법인,0,16,14,0,2025-09-20
화물,김포,택배,125,21,19,106,2025-09-20
화물,김포,일반,309,34,30,279,2025-09-20
화물,화성,우선,63,71,63,0,2025-09-20
화물,화성,중소,63,67,66,0,2025-09-20
화물,화성,법인,100,78,72,28,2025-09-20
화물,화성,택배,125,28,24,101,2025-09-20
화물,화성,일반,269,217,189,80,2025-09-20
화물,광주(경기),우선,0,63,55,0,2025-09-20
화물,광주(경기),중소,0,66,59,0,2025-09-20
화물,광주(경기),법인,0,19,16,0,2025-09-20
화물,광주(경기),택배,0,11,10,0,2025-09-20
화물,광주(경기),일반,170,34,28,142,2025-09-20
화물,양주,우선,80,87,78,2,2025-09-20
화물,양주,중소,20,36,34,0,2025-09-20
화물,양주,법인,20,12,11,9,2025-09-20
화물,양주,택배,40,25,25,15,2025-09-20
화물,양주,일반,60,39,33,27,2025-09-20
화물,포천,우선,16,20,17,0,2025-09-20
화물,포천,중소,14,19,18,0,2025-09-20
화물,포천,법인,14,12,12,2,2025-09-20
화물,포천,택배,30,6,6,24,2025-09-20
화물,포천,일반,77,56,52,25,2025-09-20
화물,여주,우선,15,29,28,0,2025-09-20
화물,여주,중소,15,32,29,0,2025-09-20
화물,여주,법인,0,5,5,0,2025-09-20
화물,여주,택배,30,0,0,30,2025-09-20
화물,여주,일반,90,18,17,73,2025-09-20
화물,연천,우선,11,10,8,3,2025-09-20
화물,연천,중소,11,7,7,4,2025-09-20
화물,연천,법인,0,1,0,0,2025-09-20
화물,연천,택배,0,1,1,0,2025-09-20
화물,연천,일반,84,10,10,74,2025-09-20
화물,가평,우선,3,12,11,0,2025-09-20
화물,가평,중소,3,15,12,0,2025-09-20
화물,가평,법인,0,2,1,0,2025-09-20
화물,가평,택배,6,0,0,6,2025-09-20
화물,가평,일반,18,0,0,18,2025-09-20
화물,양평,우선,0,35,32,0,2025-09-20
화물,양평,중소,0,41,36,0,2025-09-20
화물,양평,법인,0,3,3,0,2025-09-20
화물,양평,택배,0,8,8,0,2025-09-20
화물,양평,일반,150,18,17,133,2025-09-20
화물,춘천,우선,10,32,23,0,2025-09-20
화물,춘천,중소,10,26,16,0,2025-09-20
화물,춘천,법인,0,8,6,0,2025-09-20
화물,춘천,택배,20,4,4,16,2025-09-20
화물,춘천,일반,110,55,49,61,2025-09-20
화물,원주,우선,8,52,46,0,2025-09-20
화물,원주,중소,8,55,49,0,2025-09-20
화물,원주,법인,0,10,8,0,2025-09-20
화물,원주,택배,16,7,7,9,2025-09-20
화물,원주,일반,118,13,13,105,2025-09-20
화물,강릉,우선,11,19,18,0,2025-09-20
화물,강릉,중소,6,32,32,0,2025-09-20
화물,강릉,법인,1,8,6,0,2025-09-20
화물,강릉,택배,11,3,3,8,2025-09-20
화물,강릉,일반,81,40,34,47,2025-09-20
화물,동해,우선,7,3,3,4,2025-09-20
화물,동해,중소,7,8,6,1,2025-09-20
화물,동해,법인,0,2,2,0,2025-09-20
화물,동해,택배,14,4,3,11,2025-09-20
화물,동해,일반,28,16,15,13,2025-09-20
화물,태백,우선,3,6,5,0,2025-09-20
화물,태백,중소,0,4,4,0,2025-09-20
화물,태백,법인,1,1,1,0,2025-09-20
화물,태백,택배,4,6,6,0,2025-09-20
화물,태백,일반,26,2,2,24,2025-09-20
화물,속초,우선,10,10,10,0,2025-09-20
화물,속초,중소,10,10,9,1,2025-09-20
화물,속초,법인,0,2,2,0,2025-09-20
화물,속초,택배,20,1,1,19,2025-09-20
화물,속초,일반,57,3,3,54,2025-09-20
화물,삼척,우선,7,11,11,0,2025-09-20
화물,삼척,중소,7,10,8,0,2025-09-20
화물,삼척,법인,0,3,3,0,2025-09-20
화물,삼척,택배,14,3,3,11,2025-09-20
화물,삼척,일반,41,2,2,39,2025-09-20
화물,홍천,우선,9,10,8,1,2025-09-20
화물,홍천,중소,9,12,9,0,2025-09-20
화물,홍천,법인,0,1,1,0,2025-09-20
화물,홍천,택배,18,1,1,17,2025-09-20
화물,홍천,일반,54,20,18,36,2025-09-20
화물,횡성,우선,0,4,4,0,2025-09-20
화물,횡성,중소,0,7,7,0,2025-09-20
화물,횡성,법인,0,3,3,0,2025-09-20
화물,횡성,택배,0,1,1,0,2025-09-20
화물,횡성,일반,29,14,14,15,2025-09-20
화물,영월,우선,40,9,8,32,2025-09-20
화물,영월,중소,0,7,6,0,2025-09-20
화물,영월,법인,0,0,0,0,2025-09-20
화물,영월,택배,0,0,0,0,2025-09-20
화물,영월,일반,0,7,6,0,2025-09-20
화물,평창,우선,2,2,2,0,2025-09-20
화물,평창,중소,2,12,12,0,2025-09-20
화물,평창,법인,0,1,1,0,2025-09-20
화물,평창,택배,4,0,0,4,2025-09-20
화물,평창,일반,12,9,8,4,2025-09-20
화물,정선,우선,3,3,2,1,2025-09-20
화물,정선,중소,3,7,7,0,2025-09-20
화물,정선,법인,1,1,1,0,2025-09-20
화물,정선,택배,4,0,0,4,2025-09-20
화물,정선,일반,9,7,7,2,2025-09-20
화물,철원,우선,0,16,16,0,2025-09-20
화물,철원,중소,0,6,5,0,2025-09-20
화물,철원,법인,0,0,0,0,2025-09-20
화물,철원,택배,0,0,0,0,2025-09-20
화물,철원,일반,60,21,21,39,2025-09-20
화물,화천,우선,3,3,3,0,2025-09-20
화물,화천,중소,3,4,4,0,2025-09-20
화물,화천,법인,0,0,0,0,2025-09-20
화물,화천,택배,6,1,1,5,2025-09-20
화물,화천,일반,16,12,12,4,2025-09-20
화물,양구,우선,0,7,4,0,2025-09-20
화물,양구,중소,0,0,0,0,2025-09-20
화물,양구,법인,0,0,0,0,2025-09-20
화물,양구,택배,0,3,3,0,2025-09-20
화물,양구,일반,30,12,11,19,2025-09-20
화물,인제,우선,2,10,9,0,2025-09-20
화물,인제,중소,2,11,8,0,2025-09-20
화물,인제,법인,0,0,0,0,2025-09-20
화물,인제,택배,4,0,0,4,2025-09-20
화물,인제,일반,12,1,1,11,2025-09-20
화물,고성,우선,2,6,5,0,2025-09-20
화물,고성,중소,2,7,7,0,2025-09-20
화물,고성,법인,0,0,0,0,2025-09-20
화물,고성,택배,3,0,0,3,2025-09-20
화물,고성,일반,8,3,3,5,2025-09-20
화물,양양,우선,0,4,4,0,2025-09-20
화물,양양,중소,0,0,0,0,2025-09-20
화물,양양,법인,0,0,0,0,2025-09-20
화물,양양,택배,0,1,1,0,2025-09-20
화물,양양,일반,25,9,9,16,2025-09-20
화물,청주,우선,80,115,101,0,2025-09-20
화물,청주,중소,80,137,136,0,2025-09-20
화물,청주,법인,0,30,23,0,2025-09-20
화물,청주,택배,160,24,23,137,2025-09-20
화물,청주,일반,430,155,98,332,2025-09-20
화물,충주,우선,25,97,86,0,2025-09-20
화물,충주,중소,25,35,30,0,2025-09-20
화물,충주,법인,0,5,4,0,2025-09-20
화물,충주,택배,25,8,8,17,2025-09-20
화물,충주,일반,354,16,13,341,2025-09-20
화물,제천,우선,39,62,45,0,2025-09-20
화물,제천,중소,39,20,20,19,2025-09-20
화물,제천,법인,0,4,3,0,2025-09-20
화물,제천,택배,78,2,2,76,2025-09-20
화물,제천,일반,234,20,15,219,2025-09-20
화물,보은,우선,9,10,9,0,2025-09-20
화물,보은,중소,9,7,6,3,2025-09-20
화물,보은,법인,0,3,3,0,2025-09-20
화물,보은,택배,18,3,2,16,2025-09-20
화물,보은,일반,54,51,45,9,2025-09-20
화물,옥천,우선,6,18,16,0,2025-09-20
화물,옥천,중소,6,14,13,0,2025-09-20
화물,옥천,법인,0,2,2,0,2025-09-20
화물,옥천,택배,12,4,4,8,2025-09-20
화물,옥천,일반,36,9,7,29,2025-09-20
화물,영동,우선,30,15,14,16,2025-09-20
화물,영동,중소,15,13,12,3,2025-09-20
화물,영동,법인,0,4,4,0,2025-09-20
화물,영동,택배,15,1,1,14,2025-09-20
화물,영동,일반,90,44,40,50,2025-09-20
화물,증평,우선,1,5,4,0,2025-09-20
화물,증평,중소,2,4,4,0,2025-09-20
화물,증평,법인,0,1,1,0,2025-09-20
화물,증평,택배,3,2,2,1,2025-09-20
화물,증평,일반,9,3,2,7,2025-09-20
화물,진천,우선,16,31,28,0,2025-09-20
화물,진천,중소,16,14,13,3,2025-09-20
화물,진천,법인,0,5,5,0,2025-09-20
화물,진천,택배,32,4,3,29,2025-09-20
화물,진천,일반,16,20,18,0,2025-09-20
화물,괴산,우선,10,16,16,0,2025-09-20
화물,괴산,중소,10,16,13,0,2025-09-20
화물,괴산,법인,0,1,1,0,2025-09-20
화물,괴산,택배,10,0,0,10,2025-09-20
화물,괴산,일반,50,8,7,43,2025-09-20
화물,음성,우선,0,41,36,0,2025-09-20
화물,음성,중소,3,21,18,0,2025-09-20
화물,음성,법인,0,8,7,0,2025-09-20
화물,음성,택배,8,0,0,8,2025-09-20
화물,음성,일반,109,15,13,96,2025-09-20
화물,단양,우선,4,16,16,0,2025-09-20
화물,단양,중소,5,2,1,4,2025-09-20
화물,단양,법인,0,1,1,0,2025-09-20
화물,단양,택배,14,0,0,14,2025-09-20
화물,단양,일반,17,7,4,13,2025-09-20
화물,천안,우선,40,139,101,0,2025-09-20
화물,천안,중소,40,101,100,0,2025-09-20
화물,천안,법인,0,38,35,0,2025-09-20
화물,천안,택배,80,38,37,43,2025-09-20
화물,천안,일반,240,126,118,122,2025-09-20
화물,공주,우선,6,23,23,0,2025-09-20
화물,공주,중소,6,22,22,0,2025-09-20
화물,공주,법인,0,5,5,0,2025-09-20
화물,공주,택배,12,5,5,7,2025-09-20
화물,공주,일반,78,56,54,24,2025-09-20
화물,보령,우선,4,23,23,0,2025-09-20
화물,보령,중소,4,11,11,0,2025-09-20
화물,보령,법인,0,5,5,0,2025-09-20
화물,보령,택배,8,1,1,7,2025-09-20
화물,보령,일반,81,71,71,10,2025-09-20
화물,아산,우선,30,60,40,0,2025-09-20
화물,아산,중소,30,101,89,0,2025-09-20
화물,아산,법인,0,35,33,0,2025-09-20
화물,아산,택배,23,20,19,4,2025-09-20
화물,아산,일반,166,102,92,74,2025-09-20
화물,서산,우선,0,65,62,0,2025-09-20
화물,서산,중소,0,25,25,0,2025-09-20
화물,서산,법인,0,10,10,0,2025-09-20
화물,서산,택배,0,0,0,0,2025-09-20
화물,서산,일반,147,61,52,95,2025-09-20
화물,논산,우선,8,49,47,0,2025-09-20
화물,논산,중소,0,25,23,0,2025-09-20
화물,논산,법인,0,4,4,0,2025-09-20
화물,논산,택배,0,5,3,0,2025-09-20
화물,논산,일반,125,65,63,62,2025-09-20
화물,계룡,우선,7,8,8,0,2025-09-20
화물,계룡,중소,6,11,11,0,2025-09-20
화물,계룡,법인,0,1,1,0,2025-09-20
화물,계룡,택배,10,3,3,7,2025-09-20
화물,계룡,일반,25,18,18,7,2025-09-20
화물,당진,우선,15,109,109,0,2025-09-20
화물,당진,중소,15,7,7,8,2025-09-20
화물,당진,법인,0,9,9,0,2025-09-20
화물,당진,택배,30,1,1,29,2025-09-20
화물,당진,일반,116,58,58,58,2025-09-20
화물,금산,우선,14,25,21,0,2025-09-20
화물,금산,중소,10,22,22,0,2025-09-20
화물,금산,법인,0,2,2,0,2025-09-20
화물,금산,택배,16,3,2,14,2025-09-20
화물,금산,일반,59,10,9,50,2025-09-20
화물,부여,우선,19,38,38,0,2025-09-20
화물,부여,중소,19,30,28,0,2025-09-20
화물,부여,법인,0,2,2,0,2025-09-20
화물,부여,택배,38,2,2,36,2025-09-20
화물,부여,일반,114,32,32,82,2025-09-20
화물,서천,우선,14,33,32,0,2025-09-20
화물,서천,중소,14,14,13,1,2025-09-20
화물,서천,법인,0,2,2,0,2025-09-20
화물,서천,택배,29,1,1,28,2025-09-20
화물,서천,일반,86,11,11,75,2025-09-20
화물,청양,우선,0,22,22,0,2025-09-20
화물,청양,중소,0,6,6,0,2025-09-20
화물,청양,법인,0,0,0,0,2025-09-20
화물,청양,택배,0,0,0,0,2025-09-20
화물,청양,일반,62,13,13,49,2025-09-20
화물,홍성,우선,15,50,47,0,2025-09-20
화물,홍성,중소,15,19,18,0,2025-09-20
화물,홍성,법인,0,4,4,0,2025-09-20
화물,홍성,택배,29,5,4,25,2025-09-20
화물,홍성,일반,86,40,38,48,2025-09-20
화물,예산,우선,22,41,35,0,2025-09-20
화물,예산,중소,12,28,25,0,2025-09-20
화물,예산,법인,2,7,6,0,2025-09-20
화물,예산,택배,1,2,2,0,2025-09-20
화물,예산,일반,108,56,52,56,2025-09-20
화물,태안,우선,9,14,14,0,2025-09-20
화물,태안,중소,9,9,9,0,2025-09-20
화물,태안,법인,0,3,2,0,2025-09-20
화물,태안,택배,18,2,2,16,2025-09-20
화물,태안,일반,89,51,48,41,2025-09-20
화물,전주,우선,2,23,16,0,2025-09-20
화물,전주,중소,2,8,2,0,2025-09-20
화물,전주,법인,0,10,6,0,2025-09-20
화물,전주,택배,4,9,4,0,2025-09-20
화물,전주,일반,34,25,15,19,2025-09-20
화물,군산,우선,45,59,48,0,2025-09-20
화물,군산,중소,26,50,36,0,2025-09-20
화물,군산,법인,8,8,8,0,2025-09-20
화물,군산,택배,8,16,15,0,2025-09-20
화물,군산,일반,106,37,30,76,2025-09-20
화물,익산,우선,10,26,26,0,2025-09-20
화물,익산,중소,10,27,26,0,2025-09-20
화물,익산,법인,0,4,4,0,2025-09-20
화물,익산,택배,20,23,18,2,2025-09-20
화물,익산,일반,60,44,42,18,2025-09-20
화물,정읍,우선,10,57,54,0,2025-09-20
화물,정읍,중소,10,2,2,8,2025-09-20
화물,정읍,법인,0,2,2,0,2025-09-20
화물,정읍,택배,20,8,7,13,2025-09-20
화물,정읍,일반,117,32,26,91,2025-09-20
화물,남원,우선,0,43,38,0,2025-09-20
화물,남원,중소,0,21,16,0,2025-09-20
화물,남원,법인,0,2,2,0,2025-09-20
화물,남원,택배,0,6,6,0,2025-09-20
화물,남원,일반,292,33,33,259,2025-09-20
화물,김제,우선,14,52,50,0,2025-09-20
화물,김제,중소,14,13,13,1,2025-09-20
화물,김제,법인,0,0,0,0,2025-09-20
화물,김제,택배,28,3,3,25,2025-09-20
화물,김제,일반,202,50,49,153,2025-09-20
화물,완주,우선,9,7,7,2,2025-09-20
화물,완주,중소,10,8,8,2,2025-09-20
화물,완주,법인,7,7,7,0,2025-09-20
화물,완주,택배,9,7,7,2,2025-09-20
화물,완주,일반,59,45,45,14,2025-09-20
화물,진안,우선,2,6,6,0,2025-09-20
화물,진안,중소,2,7,7,0,2025-09-20
화물,진안,법인,0,2,2,0,2025-09-20
화물,진안,택배,4,0,0,4,2025-09-20
화물,진안,일반,14,4,4,10,2025-09-20
화물,무주,우선,3,3,3,0,2025-09-20
화물,무주,중소,3,2,2,1,2025-09-20
화물,무주,법인,0,1,1,0,2025-09-20
화물,무주,택배,7,0,0,7,2025-09-20
화물,무주,일반,33,6,6,27,2025-09-20
화물,장수,우선,5,6,6,0,2025-09-20
화물,장수,중소,5,10,9,0,2025-09-20
화물,장수,법인,0,2,2,0,2025-09-20
화물,장수,택배,9,5,5,4,2025-09-20
화물,장수,일반,38,13,12,26,2025-09-20
화물,임실,우선,5,5,5,0,2025-09-20
화물,임실,중소,0,0,0,0,2025-09-20
화물,임실,법인,0,1,1,0,2025-09-20
화물,임실,택배,0,0,0,0,2025-09-20
화물,임실,일반,20,9,9,11,2025-09-20
화물,순창,우선,4,6,6,0,2025-09-20
화물,순창,중소,4,5,5,0,2025-09-20
화물,순창,법인,0,0,0,0,2025-09-20
화물,순창,택배,4,1,1,3,2025-09-20
화물,순창,일반,21,13,13,8,2025-09-20
화물,고창,우선,10,14,14,0,2025-09-20
화물,고창,중소,10,7,6,4,2025-09-20
화물,고창,법인,0,2,2,0,2025-09-20
화물,고창,택배,20,6,5,15,2025-09-20
화물,고창,일반,61,33,30,31,2025-09-20
화물,부안,우선,10,21,20,0,2025-09-20
화물,부안,중소,10,20,20,0,2025-09-20
화물,부안,법인,0,2,2,0,2025-09-20
화물,부안,택배,20,0,0,20,2025-09-20
화물,부안,일반,77,42,39,38,2025-09-20
화물,목포,우선,2,2,2,0,2025-09-20
화물,목포,중소,2,5,4,0,2025-09-20
화물,목포,법인,0,3,3,0,2025-09-20
화물,목포,택배,4,6,4,0,2025-09-20
화물,목포,일반,12,10,10,2,2025-09-20
화물,여수,우선,15,29,28,0,2025-09-20
화물,여수,중소,15,20,17,0,2025-09-20
화물,여수,법인,0,9,8,0,2025-09-20
화물,여수,택배,30,20,20,10,2025-09-20
화물,여수,일반,90,26,24,66,2025-09-20
화물,순천,우선,14,14,14,0,2025-09-20
화물,순천,중소,0,0,0,0,2025-09-20
화물,순천,법인,0,9,9,0,2025-09-20
화물,순천,택배,27,9,9,18,2025-09-20
화물,순천,일반,109,88,84,25,2025-09-20
화물,나주,우선,4,12,12,0,2025-09-20
화물,나주,중소,4,15,15,0,2025-09-20
화물,나주,법인,0,6,6,0,2025-09-20
화물,나주,택배,8,3,3,5,2025-09-20
화물,나주,일반,24,40,40,0,2025-09-20
화물,광양,우선,10,11,11,0,2025-09-20
화물,광양,중소,10,3,3,7,2025-09-20
화물,광양,법인,0,5,5,0,2025-09-20
화물,광양,택배,20,2,2,18,2025-09-20
화물,광양,일반,60,59,55,5,2025-09-20
화물,담양,우선,3,15,15,0,2025-09-20
화물,담양,중소,3,3,3,0,2025-09-20
화물,담양,법인,0,4,4,0,2025-09-20
화물,담양,택배,6,1,1,5,2025-09-20
화물,담양,일반,38,15,15,23,2025-09-20
화물,곡성,우선,0,9,9,0,2025-09-20
화물,곡성,중소,0,6,6,0,2025-09-20
화물,곡성,법인,0,1,1,0,2025-09-20
화물,곡성,택배,0,0,0,0,2025-09-20
화물,곡성,일반,40,16,16,24,2025-09-20
화물,구례,우선,4,11,11,0,2025-09-20
화물,구례,중소,4,2,2,2,2025-09-20
화물,구례,법인,0,0,0,0,2025-09-20
화물,구례,택배,8,1,1,7,2025-09-20
화물,구례,일반,36,13,11,25,2025-09-20
화물,고흥,우선,10,22,19,0,2025-09-20
화물,고흥,중소,10,2,2,8,2025-09-20
화물,고흥,법인,0,2,2,0,2025-09-20
화물,고흥,택배,20,0,0,20,2025-09-20
화물,고흥,일반,60,25,25,35,2025-09-20
화물,보성,우선,5,17,16,0,2025-09-20
화물,보성,중소,5,0,0,5,2025-09-20
화물,보성,법인,0,3,3,0,2025-09-20
화물,보성,택배,10,0,0,10,2025-09-20
화물,보성,일반,30,23,21,9,2025-09-20
화물,화순,우선,6,5,5,1,2025-09-20
화물,화순,중소,6,0,0,6,2025-09-20
화물,화순,법인,0,2,2,0,2025-09-20
화물,화순,택배,12,0,0,12,2025-09-20
화물,화순,일반,36,35,35,1,2025-09-20
화물,장흥,우선,6,6,6,0,2025-09-20
화물,장흥,중소,6,2,2,4,2025-09-20
화물,장흥,법인,0,2,2,0,2025-09-20
화물,장흥,택배,11,2,2,9,2025-09-20
화물,장흥,일반,36,14,11,25,2025-09-20
화물,강진,우선,0,13,13,0,2025-09-20
화물,강진,중소,0,1,1,0,2025-09-20
화물,강진,법인,0,1,1,0,2025-09-20
화물,강진,택배,0,0,0,0,2025-09-20
화물,강진,일반,25,7,6,19,2025-09-20
화물,해남,우선,0,35,34,0,2025-09-20
화물,해남,중소,0,8,8,0,2025-09-20
화물,해남,법인,0,4,4,0,2025-09-20
화물,해남,택배,0,3,3,0,2025-09-20
화물,해남,일반,100,18,16,84,2025-09-20
화물,영암,우선,9,14,13,0,2025-09-20
화물,영암,중소,9,9,4,5,2025-09-20
화물,영암,법인,0,14,12,0,2025-09-20
화물,영암,택배,18,1,1,17,2025-09-20
화물,영암,일반,67,21,16,51,2025-09-20
화물,무안,우선,4,13,13,0,2025-09-20
화물,무안,중소,0,5,5,0,2025-09-20
화물,무안,법인,0,2,2,0,2025-09-20
화물,무안,택배,0,1,1,0,2025-09-20
화물,무안,일반,36,15,15,21,2025-09-20
화물,함평,우선,4,12,12,0,2025-09-20
화물,함평,중소,8,3,2,6,2025-09-20
화물,함평,법인,0,2,2,0,2025-09-20
화물,함평,택배,0,0,0,0,2025-09-20
화물,함평,일반,38,18,18,20,2025-09-20
화물,영광,우선,0,31,28,0,2025-09-20
화물,영광,중소,0,11,9,0,2025-09-20
화물,영광,법인,0,2,1,0,2025-09-20
화물,영광,택배,0,3,3,0,2025-09-20
화물,영광,일반,89,14,14,75,2025-09-20
화물,장성,우선,2,16,16,0,2025-09-20
화물,장성,중소,2,8,7,0,2025-09-20
화물,장성,법인,0,8,8,0,2025-09-20
화물,장성,택배,2,1,1,1,2025-09-20
화물,장성,일반,45,15,15,30,2025-09-20
화물,완도,우선,0,12,12,0,2025-09-20
화물,완도,중소,0,3,3,0,2025-09-20
화물,완도,법인,0,4,4,0,2025-09-20
화물,완도,택배,0,0,0,0,2025-09-20
화물,완도,일반,45,11,10,35,2025-09-20
화물,진도,우선,3,6,6,0,2025-09-20
화물,진도,중소,3,7,6,0,2025-09-20
화물,진도,법인,0,0,0,0,2025-09-20
화물,진도,택배,5,1,1,4,2025-09-20
화물,진도,일반,21,7,7,14,2025-09-20
화물,신안,우선,5,6,6,0,2025-09-20
화물,신안,중소,5,6,6,0,2025-09-20
화물,신안,법인,0,1,1,0,2025-09-20
화물,신안,택배,10,0,0,10,2025-09-20
화물,신안,일반,50,38,32,18,2025-09-20
화물,포항,우선,47,76,76,0,2025-09-20
화물,포항,중소,47,54,53,0,2025-09-20
화물,포항,법인,0,15,15,0,2025-09-20
화물,포항,택배,54,19,19,35,2025-09-20
화물,포항,일반,183,90,90,93,2025-09-20
화물,경주,우선,33,26,26,7,2025-09-20
화물,경주,중소,33,1,1,32,2025-09-20
화물,경주,법인,0,20,20,0,2025-09-20
화물,경주,택배,66,9,9,57,2025-09-20
화물,경주,일반,200,196,190,10,2025-09-20
화물,김천,우선,10,34,32,0,2025-09-20
화물,김천,중소,10,21,21,0,2025-09-20
화물,김천,법인,0,2,2,0,2025-09-20
화물,김천,택배,20,7,6,14,2025-09-20
화물,김천,일반,130,33,32,98,2025-09-20
화물,안동,우선,12,56,48,0,2025-09-20
화물,안동,중소,12,27,22,0,2025-09-20
화물,안동,법인,1,3,3,0,2025-09-20
화물,안동,택배,24,3,3,21,2025-09-20
화물,안동,일반,151,27,22,129,2025-09-20
화물,구미,우선,0,77,73,0,2025-09-20
화물,구미,중소,0,41,41,0,2025-09-20
화물,구미,법인,0,8,8,0,2025-09-20
화물,구미,택배,0,9,9,0,2025-09-20
화물,구미,일반,176,26,23,153,2025-09-20
화물,영주,우선,14,20,18,0,2025-09-20
화물,영주,중소,14,22,20,0,2025-09-20
화물,영주,법인,0,1,0,0,2025-09-20
화물,영주,택배,28,6,5,23,2025-09-20
화물,영주,일반,84,12,12,72,2025-09-20
화물,영천,우선,27,55,54,0,2025-09-20
화물,영천,중소,27,21,19,8,2025-09-20
화물,영천,법인,0,3,3,0,2025-09-20
화물,영천,택배,53,8,8,45,2025-09-20
화물,영천,일반,158,38,32,126,2025-09-20
화물,상주,우선,24,34,31,0,2025-09-20
화물,상주,중소,24,18,18,6,2025-09-20
화물,상주,법인,0,0,0,0,2025-09-20
화물,상주,택배,48,2,2,46,2025-09-20
화물,상주,일반,170,41,40,130,2025-09-20
화물,문경,우선,28,24,21,7,2025-09-20
화물,문경,중소,28,8,8,20,2025-09-20
화물,문경,법인,0,1,1,0,2025-09-20
화물,문경,택배,56,4,4,52,2025-09-20
화물,문경,일반,173,12,12,161,2025-09-20
화물,경산,우선,0,90,74,0,2025-09-20
화물,경산,중소,0,49,44,0,2025-09-20
화물,경산,법인,0,7,7,0,2025-09-20
화물,경산,택배,42,17,17,25,2025-09-20
화물,경산,일반,258,35,28,230,2025-09-20
화물,의성,우선,13,23,23,0,2025-09-20
화물,의성,중소,13,14,13,0,2025-09-20
화물,의성,법인,0,0,0,0,2025-09-20
화물,의성,택배,26,2,2,24,2025-09-20
화물,의성,일반,78,19,17,61,2025-09-20
화물,청송,우선,0,17,16,0,2025-09-20
화물,청송,중소,0,5,5,0,2025-09-20
화물,청송,법인,0,1,1,0,2025-09-20
화물,청송,택배,0,5,5,0,2025-09-20
화물,청송,일반,0,32,29,0,2025-09-20
화물,영양,우선,2,3,2,0,2025-09-20
화물,영양,중소,2,3,1,1,2025-09-20
화물,영양,법인,0,0,0,0,2025-09-20
화물,영양,택배,4,0,0,4,2025-09-20
화물,영양,일반,2,4,4,0,2025-09-20
화물,영덕,우선,6,9,8,0,2025-09-20
화물,영덕,중소,6,6,5,1,2025-09-20
화물,영덕,법인,0,2,1,0,2025-09-20
화물,영덕,택배,12,0,0,12,2025-09-20
화물,영덕,일반,36,1,1,35,2025-09-20
화물,청도,우선,14,27,26,0,2025-09-20
화물,청도,중소,14,8,7,7,2025-09-20
화물,청도,법인,0,2,2,0,2025-09-20
화물,청도,택배,30,2,2,28,2025-09-20
화물,청도,일반,52,15,12,40,2025-09-20
화물,고령,우선,24,30,28,0,2025-09-20
화물,고령,중소,0,14,11,0,2025-09-20
화물,고령,법인,0,0,0,0,2025-09-20
화물,고령,택배,1,1,1,0,2025-09-20
화물,고령,일반,113,14,14,99,2025-09-20
화물,성주,우선,14,21,20,0,2025-09-20
화물,성주,중소,14,16,15,0,2025-09-20
화물,성주,법인,0,2,2,0,2025-09-20
화물,성주,택배,28,1,0,28,2025-09-20
화물,성주,일반,84,57,54,30,2025-09-20
화물,칠곡,우선,27,34,32,0,2025-09-20
화물,칠곡,중소,27,21,16,11,2025-09-20
화물,칠곡,법인,0,3,2,0,2025-09-20
화물,칠곡,택배,54,7,7,47,2025-09-20
화물,칠곡,일반,158,16,14,144,2025-09-20
화물,예천,우선,10,55,51,0,2025-09-20
화물,예천,중소,10,13,10,0,2025-09-20
화물,예천,법인,0,0,0,0,2025-09-20
화물,예천,택배,20,0,0,20,2025-09-20
화물,예천,일반,90,12,12,78,2025-09-20
화물,봉화,우선,5,12,10,0,2025-09-20
화물,봉화,중소,5,3,3,2,2025-09-20
화물,봉화,법인,0,1,1,0,2025-09-20
화물,봉화,택배,10,0,0,10,2025-09-20
화물,봉화,일반,30,10,7,23,2025-09-20
화물,울진,우선,0,17,17,0,2025-09-20
화물,울진,중소,0,6,6,0,2025-09-20
화물,울진,법인,0,1,1,0,2025-09-20
화물,울진,택배,0,1,1,0,2025-09-20
화물,울진,일반,79,2,2,77,2025-09-20
화물,울릉,우선,3,7,7,0,2025-09-20
화물,울릉,중소,2,2,2,0,2025-09-20
화물,울릉,법인,0,0,0,0,2025-09-20
화물,울릉,택배,3,0,0,3,2025-09-20
화물,울릉,일반,12,8,8,4,2025-09-20
화물,창원,우선,38,39,38,0,2025-09-20
화물,창원,중소,38,38,38,0,2025-09-20
화물,창원,법인,0,0,0,0,2025-09-20
화물,창원,택배,36,25,21,15,2025-09-20
화물,창원,일반,408,311,279,129,2025-09-20
화물,진주,우선,15,18,18,0,2025-09-20
화물,진주,중소,15,3,3,12,2025-09-20
화물,진주,법인,0,9,9,0,2025-09-20
화물,진주,택배,30,6,6,24,2025-09-20
화물,진주,일반,120,101,101,19,2025-09-20
화물,통영,우선,8,38,36,0,2025-09-20
화물,통영,중소,8,0,0,8,2025-09-20
화물,통영,법인,0,3,3,0,2025-09-20
화물,통영,택배,16,10,9,7,2025-09-20
화물,통영,일반,45,11,11,34,2025-09-20
화물,사천,우선,15,22,21,0,2025-09-20
화물,사천,중소,15,13,12,3,2025-09-20
화물,사천,법인,0,4,4,0,2025-09-20
화물,사천,택배,30,6,6,24,2025-09-20
화물,사천,일반,93,20,17,76,2025-09-20
화물,김해,우선,50,59,57,0,2025-09-20
화물,김해,중소,50,5,3,47,2025-09-20
화물,김해,법인,0,7,6,0,2025-09-20
화물,김해,택배,100,18,17,83,2025-09-20
화물,김해,일반,326,313,299,27,2025-09-20
화물,밀양,우선,13,26,26,0,2025-09-20
화물,밀양,중소,13,8,7,6,2025-09-20
화물,밀양,법인,0,4,3,0,2025-09-20
화물,밀양,택배,26,1,1,25,2025-09-20
화물,밀양,일반,264,51,49,215,2025-09-20
화물,거제,우선,0,49,36,0,2025-09-20
화물,거제,중소,0,17,12,0,2025-09-20
화물,거제,법인,0,7,6,0,2025-09-20
화물,거제,택배,0,10,9,0,2025-09-20
화물,거제,일반,190,20,19,171,2025-09-20
화물,양산,우선,14,31,27,0,2025-09-20
화물,양산,중소,14,12,11,3,2025-09-20
화물,양산,법인,0,9,8,0,2025-09-20
화물,양산,택배,28,13,10,18,2025-09-20
화물,양산,일반,243,119,114,129,2025-09-20
화물,의령,우선,5,3,3,2,2025-09-20
화물,의령,중소,5,5,5,0,2025-09-20
화물,의령,법인,0,1,1,0,2025-09-20
화물,의령,택배,9,0,0,9,2025-09-20
화물,의령,일반,27,8,8,19,2025-09-20
화물,함안,우선,27,34,33,0,2025-09-20
화물,함안,중소,27,6,6,21,2025-09-20
화물,함안,법인,0,5,4,0,2025-09-20
화물,함안,택배,55,0,0,55,2025-09-20
화물,함안,일반,161,9,9,152,2025-09-20
화물,창녕,우선,0,32,30,0,2025-09-20
화물,창녕,중소,0,14,14,0,2025-09-20
화물,창녕,법인,0,1,1,0,2025-09-20
화물,창녕,택배,0,2,1,0,2025-09-20
화물,창녕,일반,9,9,9,0,2025-09-20
화물,남해,우선,0,17,16,0,2025-09-20
화물,남해,중소,0,5,4,0,2025-09-20
화물,남해,법인,0,1,1,0,2025-09-20
화물,남해,택배,0,1,1,0,2025-09-20
화물,남해,일반,63,11,10,53,2025-09-20
화물,하동,우선,6,9,9,0,2025-09-20
화물,하동,중소,6,3,3,3,2025-09-20
화물,하동,법인,0,3,3,0,2025-09-20
화물,하동,택배,12,0,0,12,2025-09-20
화물,하동,일반,76,56,56,20,2025-09-20
화물,산청,우선,8,17,17,0,2025-09-20
화물,산청,중소,8,6,5,3,2025-09-20
화물,산청,법인,0,2,2,0,2025-09-20
화물,산청,택배,16,1,1,15,2025-09-20
화물,산청,일반,87,28,25,62,2025-09-20
화물,함양,우선,0,9,9,0,2025-09-20
화물,함양,중소,0,12,12,0,2025-09-20
화물,함양,법인,0,1,1,0,2025-09-20
화물,함양,택배,0,3,3,0,2025-09-20
화물,함양,일반,77,17,16,61,2025-09-20
화물,거창,우선,8,21,21,0,2025-09-20
화물,거창,중소,8,9,9,0,2025-09-20
화물,거창,법인,0,0,0,0,2025-09-20
화물,거창,택배,16,3,3,13,2025-09-20
화물,거창,일반,50,28,28,22,2025-09-20
화물,합천,우선,0,72,69,0,2025-09-20
화물,합천,중소,0,17,15,0,2025-09-20
화물,합천,법인,0,2,1,0,2025-09-20
화물,합천,택배,0,1,1,0,2025-09-20
화물,합천,일반,102,26,25,77,2025-09-20
화물,제주,우선,150,798,716,0,2025-09-20
화물,제주,중소,150,511,457,0,2025-09-20
화물,제주,법인,100,20,18,82,2025-09-20
화물,제주,택배,300,33,32,268,2025-09-20
화물,제주,일반,1350,75,68,1282,2025-09-20
화물,한국환경공단,우선,0,62,52,0,2025-09-20
화물,한국환경공단,중소,0,126,113,0,2025-09-20
화물,한국환경공단,법인,0,545,496,0,2025-09-20
화물,한국환경공단,택배,0,19,19,0,2025-09-20
화물,한국환경공단,일반,2843,22,19,2824,2025-09-20
승합,서울,전기버스_우선,0,0,0,0,2025-09-20
승합,서울,전기버스_일반,10,318,57,0,2025-09-20
승합,서울,어린이버스_우선,0,0,0,0,2025-09-20
승합,서울,어린이버스_일반,0,13,7,0,2025-09-20
승합,부산,전기버스_우선,10,0,0,10,2025-09-20
승합,부산,전기버스_일반,200,152,64,136,2025-09-20
승합,부산,어린이버스_우선,0,0,0,0,2025-09-20
승합,부산,어린이버스_일반,0,0,7,0,2025-09-20
승합,대구,전기버스_우선,0,0,0,0,2025-09-20
승합,대구,전기버스_일반,7,2,0,7,2025-09-20
승합,대구,어린이버스_우선,0,0,0,0,2025-09-20
승합,대구,어린이버스_일반,0,0,0,0,2025-09-20
승합,광주,전기버스_우선,0,0,0,0,2025-09-20
승합,광주,전기버스_일반,15,11,6,9,2025-09-20
승합,광주,어린이버스_우선,0,0,0,0,2025-09-20
승합,광주,어린이버스_일반,0,2,1,0,2025-09-20
승합,인천,전기버스_우선,0,0,0,0,2025-09-20
승합,인천,전기버스_일반,32,50,7,25,2025-09-20
승합,인천,어린이버스_우선,0,0,0,0,2025-09-20
승합,인천,어린이버스_일반,0,0,0,0,2025-09-20
승합,대전,전기버스_우선,0,0,0,0,2025-09-20
승합,대전,전기버스_일반,19,26,11,8,2025-09-20
승합,대전,어린이버스_우선,0,0,0,0,2025-09-20
승합,대전,어린이버스_일반,0,0,0,0,2025-09-20
승합,울산,전기버스_우선,0,0,0,0,2025-09-20
승합,울산,전기버스_일반,75,32,7,68,2025-09-20
승합,울산,어린이버스_우선,0,0,0,0,2025-09-20
승합,울산,어린이버스_일반,0,0,0,0,2025-09-20
승합,세종,전기버스_우선,0,0,0,0,2025-09-20
승합,세종,전기버스_일반,15,14,0,15,2025-09-20
승합,세종,어린이버스_우선,0,0,0,0,2025-09-20
승합,세종,어린이버스_일반,0,0,0,0,2025-09-20
승합,제주,전기버스_우선,0,0,0,0,2025-09-20
승합,제주,전기버스_일반,13,58,54,0,2025-09-20
승합,제주,어린이버스_우선,0,0,0,0,2025-09-20
승합,제주,어린이버스_일반,0,0,0,0,2025-09-20
승합,수원,전기버스_우선,0,0,0,0,2025-09-20
승합,수원,전기버스_일반,10,9,9,1,2025-09-20
승합,수원,어린이버스_우선,0,0,0,0,2025-09-20
승합,수원,어린이버스_일반,0,0,0,0,2025-09-20
승합,성남,전기버스_우선,0,0,0,0,2025-09-20
승합,성남,전기버스_일반,19,36,11,8,2025-09-20
승합,성남,어린이버스_우선,0,0,0,0,2025-09-20
승합,성남,어린이버스_일반,0,0,0,0,2025-09-20
승합,의정부,전기버스_우선,0,0,0,0,2025-09-20
승합,의정부,전기버스_일반,4,4,0,4,2025-09-20
승합,의정부,어린이버스_우선,0,0,0,0,2025-09-20
승합,의정부,어린이버스_일반,0,0,0,0,2025-09-20
승합,안양,전기버스_우선,0,0,0,0,2025-09-20
승합,안양,전기버스_일반,1,75,7,0,2025-09-20
승합,안양,어린이버스_우선,0,0,0,0,2025-09-20
승합,안양,어린이버스_일반,0,0,0,0,2025-09-20
승합,부천,전기버스_우선,0,0,0,0,2025-09-20
승합,부천,전기버스_일반,8,9,4,4,2025-09-20
승합,부천,어린이버스_우선,0,0,0,0,2025-09-20
승합,부천,어린이버스_일반,0,0,0,0,2025-09-20
승합,광명,전기버스_우선,0,0,0,0,2025-09-20
승합,광명,전기버스_일반,1,3,2,0,2025-09-20
승합,광명,어린이버스_우선,0,0,0,0,2025-09-20
승합,광명,어린이버스_일반,0,0,0,0,2025-09-20
승합,평택,전기버스_우선,3,0,0,3,2025-09-20
승합,평택,전기버스_일반,2,9,3,0,2025-09-20
승합,평택,어린이버스_우선,0,0,0,0,2025-09-20
승합,평택,어린이버스_일반,0,0,0,0,2025-09-20
승합,동두천,전기버스_우선,0,0,0,0,2025-09-20
승합,동두천,전기버스_일반,2,7,1,1,2025-09-20
승합,동두천,어린이버스_우선,0,0,0,0,2025-09-20
승합,동두천,어린이버스_일반,0,0,0,0,2025-09-20
승합,안산,전기버스_우선,0,0,0,0,2025-09-20
승합,안산,전기버스_일반,11,34,7,4,2025-09-20
승합,안산,어린이버스_우선,0,0,0,0,2025-09-20
승합,안산,어린이버스_일반,0,0,0,0,2025-09-20
승합,고양,전기버스_우선,8,0,0,8,2025-09-20
승합,고양,전기버스_일반,1,60,4,0,2025-09-20
승합,고양,어린이버스_우선,0,0,0,0,2025-09-20
승합,고양,어린이버스_일반,0,0,0,0,2025-09-20
승합,과천,전기버스_우선,0,0,0,0,2025-09-20
승합,과천,전기버스_일반,2,4,2,0,2025-09-20
승합,과천,어린이버스_우선,0,0,0,0,2025-09-20
승합,과천,어린이버스_일반,0,0,0,0,2025-09-20
승합,구리,전기버스_우선,0,0,0,0,2025-09-20
승합,구리,전기버스_일반,3,1,0,3,2025-09-20
승합,구리,어린이버스_우선,0,0,0,0,2025-09-20
승합,구리,어린이버스_일반,0,0,0,0,2025-09-20
승합,남양주,전기버스_우선,0,0,0,0,2025-09-20
승합,남양주,전기버스_일반,6,4,3,3,2025-09-20
승합,남양주,어린이버스_우선,0,0,0,0,2025-09-20
승합,남양주,어린이버스_일반,0,0,0,0,2025-09-20
승합,오산,전기버스_우선,0,0,0,0,2025-09-20
승합,오산,전기버스_일반,6,12,3,3,2025-09-20
승합,오산,어린이버스_우선,0,0,0,0,2025-09-20
승합,오산,어린이버스_일반,0,0,0,0,2025-09-20
승합,시흥,전기버스_우선,0,0,0,0,2025-09-20
승합,시흥,전기버스_일반,4,26,6,0,2025-09-20
승합,시흥,어린이버스_우선,0,0,0,0,2025-09-20
승합,시흥,어린이버스_일반,0,0,0,0,2025-09-20
승합,군포,전기버스_우선,0,0,0,0,2025-09-20
승합,군포,전기버스_일반,3,7,2,1,2025-09-20
승합,군포,어린이버스_우선,0,0,0,0,2025-09-20
승합,군포,어린이버스_일반,0,0,0,0,2025-09-20
승합,의왕,전기버스_우선,0,0,0,0,2025-09-20
승합,의왕,전기버스_일반,2,2,1,1,2025-09-20
승합,의왕,어린이버스_우선,0,0,0,0,2025-09-20
승합,의왕,어린이버스_일반,0,0,0,0,2025-09-20
승합,하남,전기버스_우선,0,0,0,0,2025-09-20
승합,하남,전기버스_일반,2,3,2,0,2025-09-20
승합,하남,어린이버스_우선,0,0,0,0,2025-09-20
승합,하남,어린이버스_일반,0,0,0,0,2025-09-20
승합,용인,전기버스_우선,0,0,0,0,2025-09-20
승합,용인,전기버스_일반,7,10,1,6,2025-09-20
승합,용인,어린이버스_우선,0,0,0,0,2025-09-20
승합,용인,어린이버스_일반,0,0,0,0,2025-09-20
승합,파주,전기버스_우선,0,0,0,0,2025-09-20
승합,파주,전기버스_일반,6,21,5,1,2025-09-20
승합,파주,어린이버스_우선,0,0,0,0,2025-09-20
승합,파주,어린이버스_일반,0,0,0,0,2025-09-20
승합,이천,전기버스_우선,0,0,0,0,2025-09-20
승합,이천,전기버스_일반,3,4,3,0,2025-09-20
승합,이천,어린이버스_우선,0,0,0,0,2025-09-20
승합,이천,어린이버스_일반,0,0,0,0,2025-09-20
승합,안성,전기버스_우선,0,0,0,0,2025-09-20
승합,안성,전기버스_일반,3,1,0,3,2025-09-20
승합,안성,어린이버스_우선,0,0,0,0,2025-09-20
승합,안성,어린이버스_일반,0,0,0,0,2025-09-20
승합,김포,전기버스_우선,0,0,0,0,2025-09-20
승합,김포,전기버스_일반,8,18,0,8,2025-09-20
승합,김포,어린이버스_우선,0,0,0,0,2025-09-20
승합,김포,어린이버스_일반,0,0,0,0,2025-09-20
승합,화성,전기버스_우선,0,3,3,0,2025-09-20
승합,화성,전기버스_일반,31,11,0,31,2025-09-20
승합,화성,어린이버스_우선,0,0,0,0,2025-09-20
승합,화성,어린이버스_일반,0,0,0,0,2025-09-20
승합,광주(경기),전기버스_우선,0,0,0,0,2025-09-20
승합,광주(경기),전기버스_일반,15,11,6,9,2025-09-20
승합,광주(경기),어린이버스_우선,0,0,0,0,2025-09-20
승합,광주(경기),어린이버스_일반,0,0,0,0,2025-09-20
승합,여주,전기버스_우선,0,0,0,0,2025-09-20
승합,여주,전기버스_일반,2,1,0,2,2025-09-20
승합,여주,어린이버스_우선,0,0,0,0,2025-09-20
승합,여주,어린이버스_일반,0,0,0,0,2025-09-20
승합,양평,전기버스_우선,0,0,0,0,2025-09-20
승합,양평,전기버스_일반,1,1,1,0,2025-09-20
승합,양평,어린이버스_우선,0,0,0,0,2025-09-20
승합,양평,어린이버스_일반,0,0,0,0,2025-09-20
승합,가평,전기버스_우선,0,0,0,0,2025-09-20
승합,가평,전기버스_일반,2,4,2,0,2025-09-20
승합,가평,어린이버스_우선,0,0,0,0,2025-09-20
승합,가평,어린이버스_일반,0,0,0,0,2025-09-20
승합,연천,전기버스_우선,0,0,0,0,2025-09-20
승합,연천,전기버스_일반,4,2,2,2,2025-09-20
승합,연천,어린이버스_우선,0,0,0,0,2025-09-20
승합,연천,어린이버스_일반,0,0,0,0,2025-09-20
승합,춘천,전기버스_우선,0,0,0,0,2025-09-20
승합,춘천,전기버스_일반,12,12,0,12,2025-09-20
승합,춘천,어린이버스_우선,0,0,0,0,2025-09-20
승합,춘천,어린이버스_일반,0,0,0,0,2025-09-20
승합,원주,전기버스_우선,3,0,0,3,2025-09-20
승합,원주,전기버스_일반,2,5,3,0,2025-09-20
승합,원주,어린이버스_우선,0,0,0,0,2025-09-20
승합,원주,어린이버스_일반,0,0,0,0,2025-09-20
승합,강릉,전기버스_우선,17,0,0,17,2025-09-20
승합,강릉,전기버스_일반,0,10,0,0,2025-09-20
승합,강릉,어린이버스_우선,0,0,0,0,2025-09-20
승합,강릉,어린이버스_일반,0,0,0,0,2025-09-20
승합,동해,전기버스_우선,0,0,0,0,2025-09-20
승합,동해,전기버스_일반,1,0,0,1,2025-09-20
승합,동해,어린이버스_우선,0,0,0,0,2025-09-20
승합,동해,어린이버스_일반,0,0,0,0,2025-09-20
승합,태백,전기버스_우선,0,0,0,0,2025-09-20
승합,태백,전기버스_일반,8,8,8,0,2025-09-20
승합,태백,어린이버스_우선,0,0,0,0,2025-09-20
승합,태백,어린이버스_일반,0,0,0,0,2025-09-20
승합,속초,전기버스_우선,0,0,0,0,2025-09-20
승합,속초,전기버스_일반,18,16,0,18,2025-09-20
승합,속초,어린이버스_우선,0,0,0,0,2025-09-20
승합,속초,어린이버스_일반,0,0,0,0,2025-09-20
승합,삼척,전기버스_우선,0,0,0,0,2025-09-20
승합,삼척,전기버스_일반,5,7,3,2,2025-09-20
승합,삼척,어린이버스_우선,0,0,0,0,2025-09-20
승합,삼척,어린이버스_일반,0,0,0,0,2025-09-20
승합,홍천,전기버스_우선,0,0,0,0,2025-09-20
승합,홍천,전기버스_일반,16,5,0,16,2025-09-20
승합,홍천,어린이버스_우선,0,0,0,0,2025-09-20
승합,홍천,어린이버스_일반,0,0,0,0,2025-09-20
승합,횡성,전기버스_우선,0,0,0,0,2025-09-20
승합,횡성,전기버스_일반,8,8,0,8,2025-09-20
승합,횡성,어린이버스_우선,0,0,0,0,2025-09-20
승합,횡성,어린이버스_일반,0,0,0,0,2025-09-20
승합,영월,전기버스_우선,0,0,0,0,2025-09-20
승합,영월,전기버스_일반,3,0,0,0,2025-09-20
승합,영월,어린이버스_우선,0,0,0,0,2025-09-20
승합,영월,어린이버스_일반,0,0,0,0,2025-09-20
승합,평창,전기버스_우선,0,0,0,0,2025-09-20
승합,평창,전기버스_일반,3,3,3,0,2025-09-20
승합,평창,어린이버스_우선,0,0,0,0,2025-09-20
승합,평창,어린이버스_일반,0,0,0,0,2025-09-20
승합,정선,전기버스_우선,0,0,0,0,2025-09-20
승합,정선,전기버스_일반,1,0,0,0,2025-09-20
승합,정선,어린이버스_우선,0,0,0,0,2025-09-20
승합,정선,어린이버스_일반,0,0,0,0,2025-09-20
승합,철원,전기버스_우선,0,0,0,0,2025-09-20
승합,철원,전기버스_일반,3,0,0,0,2025-09-20
승합,철원,어린이버스_우선,0,0,0,0,2025-09-20
승합,철원,어린이버스_일반,0,0,0,0,2025-09-20
승합,화천,전기버스_우선,0,0,0,0,2025-09-20
승합,화천,전기버스_일반,2,5,0,2,2025-09-20
승합,화천,어린이버스_우선,0,0,0,0,2025-09-20
승합,화천,어린이버스_일반,0,0,0,0,2025-09-20
승합,양구,전기버스_우선,1,0,0,0,2025-09-20
승합,양구,전기버스_일반,3,0,0,0,2025-09-20
승합,양구,어린이버스_우선,0,0,0,0,2025-09-20
승합,양구,어린이버스_일반,0,0,0,0,2025-09-20
승합,인제,전기버스_우선,7,0,0,7,2025-09-20
승합,인제,전기버스_일반,0,7,2,0,2025-09-20
승합,인제,어린이버스_우선,0,0,0,0,2025-09-20
승합,인제,어린이버스_일반,0,0,0,0,2025-09-20
승합,양양,전기버스_우선,0,0,0,0,2025-09-20
승합,양양,전기버스_일반,2,3,0,2,2025-09-20
승합,양양,어린이버스_우선,0,0,0,0,2025-09-20
승합,양양,어린이버스_일반,0,0,0,0,2025-09-20
승합,청주,전기버스_우선,88,10,5,83,2025-09-20
승합,청주,전기버스_일반,5,36,7,0,2025-09-20
승합,청주,어린이버스_우선,0,0,0,0,2025-09-20
승합,청주,어린이버스_일반,0,0,0,0,2025-09-20
승합,충주,전기버스_우선,0,9,7,0,2025-09-20
승합,충주,전기버스_일반,15,0,0,15,2025-09-20
승합,충주,어린이버스_우선,0,0,0,0,2025-09-20
승합,충주,어린이버스_일반,0,0,0,0,2025-09-20
승합,제천,전기버스_우선,0,0,0,0,2025-09-20
승합,제천,전기버스_일반,8,6,0,8,2025-09-20
승합,제천,어린이버스_우선,0,0,0,0,2025-09-20
승합,제천,어린이버스_일반,0,0,0,0,2025-09-20
승합,보은,전기버스_우선,0,1,1,0,2025-09-20
승합,보은,전기버스_일반,1,1,0,1,2025-09-20
승합,보은,어린이버스_우선,0,0,0,0,2025-09-20
승합,보은,어린이버스_일반,0,0,0,0,2025-09-20
승합,옥천,전기버스_우선,0,3,3,0,2025-09-20
승합,옥천,전기버스_일반,3,0,0,3,2025-09-20
승합,옥천,어린이버스_우선,0,0,0,0,2025-09-20
승합,옥천,어린이버스_일반,0,0,0,0,2025-09-20
승합,영동,전기버스_우선,0,2,1,0,2025-09-20
승합,영동,전기버스_일반,4,2,0,4,2025-09-20
승합,영동,어린이버스_우선,0,0,0,0,2025-09-20
승합,영동,어린이버스_일반,0,0,0,0,2025-09-20
승합,증평,전기버스_우선,0,0,0,0,2025-09-20
승합,증평,전기버스_일반,0,0,0,0,2025-09-20
승합,증평,어린이버스_우선,0,0,0,0,2025-09-20
승합,증평,어린이버스_일반,0,0,0,0,2025-09-20
승합,진천,전기버스_우선,0,0,0,0,2025-09-20
승합,진천,전기버스_일반,5,1,0,5,2025-09-20
승합,진천,어린이버스_우선,0,0,0,0,2025-09-20
승합,진천,어린이버스_일반,0,0,0,0,2025-09-20
승합,괴산,전기버스_우선,0,0,0,0,2025-09-20
승합,괴산,전기버스_일반,3,0,0,0,2025-09-20
승합,괴산,어린이버스_우선,0,0,0,0,2025-09-20
승합,괴산,어린이버스_일반,0,0,0,0,2025-09-20
승합,음성,전기버스_우선,0,0,0,0,2025-09-20
승합,음성,전기버스_일반,0,0,0,0,2025-09-20
승합,음성,어린이버스_우선,0,0,0,0,2025-09-20
승합,음성,어린이버스_일반,0,0,0,0,2025-09-20
승합,단양,전기버스_우선,0,0,0,0,2025-09-20
승합,단양,전기버스_일반,0,0,0,0,2025-09-20
승합,단양,어린이버스_우선,0,0,0,0,2025-09-20
승합,단양,어린이버스_일반,0,0,0,0,2025-09-20
승합,천안,전기버스_우선,0,0,0,0,2025-09-20
승합,천안,전기버스_일반,22,22,20,2,2025-09-20
승합,천안,어린이버스_우선,0,0,0,0,2025-09-20
승합,천안,어린이버스_일반,0,0,0,0,2025-09-20
승합,공주,전기버스_우선,0,0,0,0,2025-09-20
승합,공주,전기버스_일반,10,7,7,3,2025-09-20
승합,공주,어린이버스_우선,0,0,0,0,2025-09-20
승합,공주,어린이버스_일반,0,0,0,0,2025-09-20
승합,보령,전기버스_우선,0,0,0,0,2025-09-20
승합,보령,전기버스_일반,2,0,0,2,2025-09-20
승합,보령,어린이버스_우선,0,0,0,0,2025-09-20
승합,보령,어린이버스_일반,0,0,0,0,2025-09-20
승합,아산,전기버스_우선,0,0,0,0,2025-09-20
승합,아산,전기버스_일반,20,15,5,15,2025-09-20
승합,아산,어린이버스_우선,0,0,0,0,2025-09-20
승합,아산,어린이버스_일반,0,0,0,0,2025-09-20
승합,서산,전기버스_우선,0,0,0,0,2025-09-20
승합,서산,전기버스_일반,3,3,3,0,2025-09-20
승합,서산,어린이버스_우선,0,0,0,0,2025-09-20
승합,서산,어린이버스_일반,0,0,0,0,2025-09-20
승합,논산,전기버스_우선,6,0,0,6,2025-09-20
승합,논산,전기버스_일반,2,7,6,0,2025-09-20
승합,논산,어린이버스_우선,0,0,0,0,2025-09-20
승합,논산,어린이버스_일반,0,0,0,0,2025-09-20
승합,계룡,전기버스_우선,2,0,0,2,2025-09-20
승합,계룡,전기버스_일반,0,2,2,0,2025-09-20
승합,계룡,어린이버스_우선,0,0,0,0,2025-09-20
승합,계룡,어린이버스_일반,0,0,0,0,2025-09-20
승합,당진,전기버스_우선,0,0,0,0,2025-09-20
승합,당진,전기버스_일반,15,13,11,4,2025-09-20
승합,당진,어린이버스_우선,0,0,0,0,2025-09-20
승합,당진,어린이버스_일반,0,0,0,0,2025-09-20
승합,금산,전기버스_우선,4,0,0,4,2025-09-20
승합,금산,전기버스_일반,1,4,0,1,2025-09-20
승합,금산,어린이버스_우선,0,0,0,0,2025-09-20
승합,금산,어린이버스_일반,0,0,0,0,2025-09-20
승합,부여,전기버스_우선,0,0,0,0,2025-09-20
승합,부여,전기버스_일반,4,4,2,2,2025-09-20
승합,부여,어린이버스_우선,0,0,0,0,2025-09-20
승합,부여,어린이버스_일반,0,0,0,0,2025-09-20
승합,서천,전기버스_우선,0,0,0,0,2025-09-20
승합,서천,전기버스_일반,3,3,0,3,2025-09-20
승합,서천,어린이버스_우선,0,0,0,0,2025-09-20
승합,서천,어린이버스_일반,0,0,0,0,2025-09-20
승합,청양,전기버스_우선,0,0,0,0,2025-09-20
승합,청양,전기버스_일반,3,3,0,3,2025-09-20
승합,청양,어린이버스_우선,0,0,0,0,2025-09-20
승합,청양,어린이버스_일반,0,0,0,0,2025-09-20
승합,홍성,전기버스_우선,0,0,0,0,2025-09-20
승합,홍성,전기버스_일반,7,7,7,0,2025-09-20
승합,홍성,어린이버스_우선,0,0,0,0,2025-09-20
승합,홍성,어린이버스_일반,0,0,0,0,2025-09-20
승합,예산,전기버스_우선,10,0,0,10,2025-09-20
승합,예산,전기버스_일반,20,6,0,20,2025-09-20
승합,예산,어린이버스_우선,0,0,0,0,2025-09-20
승합,예산,어린이버스_일반,0,0,0,0,2025-09-20
승합,태안,전기버스_우선,0,0,0,0,2025-09-20
승합,태안,전기버스_일반,6,6,6,0,2025-09-20
승합,태안,어린이버스_우선,0,0,0,0,2025-09-20
승합,태안,어린이버스_일반,0,0,0,0,2025-09-20
승합,전주,전기버스_우선,0,0,0,0,2025-09-20
승합,전주,전기버스_일반,5,28,5,0,2025-09-20
승합,전주,어린이버스_우선,0,0,0,0,2025-09-20
승합,전주,어린이버스_일반,0,0,0,0,2025-09-20
승합,군산,전기버스_우선,0,0,0,0,2025-09-20
승합,군산,전기버스_일반,25,23,22,3,2025-09-20
승합,군산,어린이버스_우선,0,0,0,0,2025-09-20
승합,군산,어린이버스_일반,0,0,0,0,2025-09-20
승합,익산,전기버스_우선,0,0,0,0,2025-09-20
승합,익산,전기버스_일반,5,4,4,1,2025-09-20
승합,익산,어린이버스_우선,0,0,0,0,2025-09-20
승합,익산,어린이버스_일반,0,0,0,0,2025-09-20
승합,정읍,전기버스_우선,0,0,0,0,2025-09-20
승합,정읍,전기버스_일반,7,7,0,7,2025-09-20
승합,정읍,어린이버스_우선,0,0,0,0,2025-09-20
승합,정읍,어린이버스_일반,0,0,0,0,2025-09-20
승합,남원,전기버스_우선,0,0,0,0,2025-09-20
승합,남원,전기버스_일반,7,3,3,4,2025-09-20
승합,남원,어린이버스_우선,0,0,0,0,2025-09-20
승합,남원,어린이버스_일반,0,0,0,0,2025-09-20
승합,김제,전기버스_우선,0,0,0,0,2025-09-20
승합,김제,전기버스_일반,0,0,0,0,2025-09-20
승합,김제,어린이버스_우선,0,0,0,0,2025-09-20
승합,김제,어린이버스_일반,0,0,0,0,2025-09-20
승합,완주,전기버스_우선,0,0,0,0,2025-09-20
승합,완주,전기버스_일반,8,8,2,6,2025-09-20
승합,완주,어린이버스_우선,0,0,0,0,2025-09-20
승합,완주,어린이버스_일반,0,0,0,0,2025-09-20
승합,진안,전기버스_우선,0,0,0,0,2025-09-20
승합,진안,전기버스_일반,4,2,2,2,2025-09-20
승합,진안,어린이버스_우선,0,0,0,0,2025-09-20
승합,진안,어린이버스_일반,0,0,0,0,2025-09-20
승합,무주,전기버스_우선,0,0,0,0,2025-09-20
승합,무주,전기버스_일반,2,1,0,2,2025-09-20
승합,무주,어린이버스_우선,0,0,0,0,2025-09-20
승합,무주,어린이버스_일반,0,0,0,0,2025-09-20
승합,장수,전기버스_우선,0,0,0,0,2025-09-20
승합,장수,전기버스_일반,0,0,0,0,2025-09-20
승합,장수,어린이버스_우선,0,0,0,0,2025-09-20
승합,장수,어린이버스_일반,0,0,0,0,2025-09-20
승합,임실,전기버스_우선,0,0,0,0,2025-09-20
승합,임실,전기버스_일반,3,3,0,3,2025-09-20
승합,임실,어린이버스_우선,0,0,0,0,2025-09-20
승합,임실,어린이버스_일반,0,0,0,0,2025-09-20
승합,순창,전기버스_우선,0,0,0,0,2025-09-20
승합,순창,전기버스_일반,1,4,0,1,2025-09-20
승합,순창,어린이버스_우선,0,0,0,0,2025-09-20
승합,순창,어린이버스_일반,0,0,0,0,2025-09-20
승합,고창,전기버스_우선,0,0,0,0,2025-09-20
승합,고창,전기버스_일반,8,4,0,8,2025-09-20
승합,고창,어린이버스_우선,0,0,0,0,2025-09-20
승합,고창,어린이버스_일반,0,0,0,0,2025-09-20
승합,부안,전기버스_우선,0,0,0,0,2025-09-20
승합,부안,전기버스_일반,1,1,0,1,2025-09-20
승합,부안,어린이버스_우선,0,0,0,0,2025-09-20
승합,부안,어린이버스_일반,0,0,0,0,2025-09-20
승합,목포,전기버스_우선,0,0,0,0,2025-09-20
승합,목포,전기버스_일반,10,10,8,2,2025-09-20
승합,목포,어린이버스_우선,0,0,0,0,2025-09-20
승합,목포,어린이버스_일반,0,0,0,0,2025-09-20
승합,여수,전기버스_우선,0,0,0,0,2025-09-20
승합,여수,전기버스_일반,10,10,7,3,2025-09-20
승합,여수,어린이버스_우선,0,0,0,0,2025-09-20
승합,여수,어린이버스_일반,0,0,0,0,2025-09-20
승합,순천,전기버스_우선,0,0,0,0,2025-09-20
승합,순천,전기버스_일반,2,1,1,1,2025-09-20
승합,순천,어린이버스_우선,0,0,0,0,2025-09-20
승합,순천,어린이버스_일반,0,0,0,0,2025-09-20
승합,나주,전기버스_우선,0,0,0,0,2025-09-20
승합,나주,전기버스_일반,9,11,2,7,2025-09-20
승합,나주,어린이버스_우선,0,0,0,0,2025-09-20
승합,나주,어린이버스_일반,0,0,0,0,2025-09-20
승합,광양,전기버스_우선,0,0,0,0,2025-09-20
승합,광양,전기버스_일반,2,2,2,0,2025-09-20
승합,광양,어린이버스_우선,0,0,0,0,2025-09-20
승합,광양,어린이버스_일반,0,0,0,0,2025-09-20
승합,담양,전기버스_우선,0,0,0,0,2025-09-20
승합,담양,전기버스_일반,6,6,0,6,2025-09-20
승합,담양,어린이버스_우선,0,0,0,0,2025-09-20
승합,담양,어린이버스_일반,0,0,0,0,2025-09-20
승합,곡성,전기버스_우선,0,0,0,0,2025-09-20
승합,곡성,전기버스_일반,6,6,3,3,2025-09-20
승합,곡성,어린이버스_우선,0,0,0,0,2025-09-20
승합,곡성,어린이버스_일반,0,0,0,0,2025-09-20
승합,구례,전기버스_우선,0,0,0,0,2025-09-20
승합,구례,전기버스_일반,2,2,2,0,2025-09-20
승합,구례,어린이버스_우선,0,0,0,0,2025-09-20
승합,구례,어린이버스_일반,0,0,0,0,2025-09-20
승합,고흥,전기버스_우선,0,0,0,0,2025-09-20
승합,고흥,전기버스_일반,7,7,7,0,2025-09-20
승합,고흥,어린이버스_우선,0,0,0,0,2025-09-20
승합,고흥,어린이버스_일반,0,0,0,0,2025-09-20
승합,보성,전기버스_우선,4,0,0,4,2025-09-20
승합,보성,전기버스_일반,0,4,2,0,2025-09-20
승합,보성,어린이버스_우선,0,0,0,0,2025-09-20
승합,보성,어린이버스_일반,0,0,0,0,2025-09-20
승합,화순,전기버스_우선,0,0,0,0,2025-09-20
승합,화순,전기버스_일반,7,7,0,7,2025-09-20
승합,화순,어린이버스_우선,0,0,0,0,2025-09-20
승합,화순,어린이버스_일반,0,0,0,0,2025-09-20
승합,장흥,전기버스_우선,0,0,0,0,2025-09-20
승합,장흥,전기버스_일반,0,0,0,0,2025-09-20
승합,장흥,어린이버스_우선,0,0,0,0,2025-09-20
승합,장흥,어린이버스_일반,0,0,0,0,2025-09-20
승합,강진,전기버스_우선,0,0,0,0,2025-09-20
승합,강진,전기버스_일반,1,1,0,1,2025-09-20
승합,강진,어린이버스_우선,0,0,0,0,2025-09-20
승합,강진,어린이버스_일반,0,0,0,0,2025-09-20
승합,해남,전기버스_우선,0,0,0,0,2025-09-20
승합,해남,전기버스_일반,4,0,0,4,2025-09-20
승합,해남,어린이버스_우선,0,0,0,0,2025-09-20
승합,해남,어린이버스_일반,0,0,0,0,2025-09-20
승합,영암,전기버스_우선,0,0,0,0,2025-09-20
승합,영암,전기버스_일반,1,0,0,0,2025-09-20
승합,영암,어린이버스_우선,0,0,0,0,2025-09-20
승합,영암,어린이버스_일반,0,0,0,0,2025-09-20
승합,무안,전기버스_우선,0,0,0,0,2025-09-20
승합,무안,전기버스_일반,0,0,0,0,2025-09-20
승합,무안,어린이버스_우선,0,0,0,0,2025-09-20
승합,무안,어린이버스_일반,0,0,0,0,2025-09-20
승합,함평,전기버스_우선,0,0,0,0,2025-09-20
승합,함평,전기버스_일반,0,0,0,0,2025-09-20
승합,함평,어린이버스_우선,0,0,0,0,2025-09-20
승합,함평,어린이버스_일반,0,0,0,0,2025-09-20
승합,영광,전기버스_우선,0,0,0,0,2025-09-20
승합,영광,전기버스_일반,0,0,0,0,2025-09-20
승합,영광,어린이버스_우선,0,0,0,0,2025-09-20
승합,영광,어린이버스_일반,0,0,0,0,2025-09-20
승합,장성,전기버스_우선,0,0,0,0,2025-09-20
승합,장성,전기버스_일반,0,0,0,0,2025-09-20
승합,장성,어린이버스_우선,0,0,0,0,2025-09-20
승합,장성,어린이버스_일반,0,0,0,0,2025-09-20
승합,완도,전기버스_우선,0,0,0,0,2025-09-20
승합,완도,전기버스_일반,0,0,0,0,2025-09-20
승합,완도,어린이버스_우선,0,0,0,0,2025-09-20
승합,완도,어린이버스_일반,0,0,0,0,2025-09-20
승합,진도,전기버스_우선,0,0,0,0,2025-09-20
승합,진도,전기버스_일반,1,1,0,1,2025-09-20
승합,진도,어린이버스_우선,0,0,0,0,2025-09-20
승합,진도,어린이버스_일반,0,0,0,0,2025-09-20
승합,신안,전기버스_우선,0,0,0,0,2025-09-20
승합,신안,전기버스_일반,1,1,0,1,2025-09-20
승합,신안,어린이버스_우선,0,0,0,0,2025-09-20
승합,신안,어린이버스_일반,0,0,0,0,2025-09-20
승합,포항,전기버스_우선,0,0,0,0,2025-09-20
승합,포항,전기버스_일반,11,1,1,10,2025-09-20
승합,포항,어린이버스_우선,0,0,0,0,2025-09-20
승합,포항,어린이버스_일반,0,0,0,0,2025-09-20
승합,경주,전기버스_우선,0,0,0,0,2025-09-20
승합,경주,전기버스_일반,27,23,7,20,2025-09-20
승합,경주,어린이버스_우선,0,0,0,0,2025-09-20
승합,경주,어린이버스_일반,0,0,0,0,2025-09-20
승합,김천,전기버스_우선,0,0,0,0,2025-09-20
승합,김천,전기버스_일반,6,0,0,6,2025-09-20
승합,김천,어린이버스_우선,0,0,0,0,2025-09-20
승합,김천,어린이버스_일반,0,0,0,0,2025-09-20
승합,안동,전기버스_우선,0,0,0,0,2025-09-20
승합,안동,전기버스_일반,3,19,18,0,2025-09-20
승합,안동,어린이버스_우선,0,0,0,0,2025-09-20
승합,안동,어린이버스_일반,0,0,0,0,2025-09-20
승합,구미,전기버스_우선,0,0,0,0,2025-09-20
승합,구미,전기버스_일반,6,1,0,6,2025-09-20
승합,구미,어린이버스_우선,0,0,0,0,2025-09-20
승합,구미,어린이버스_일반,0,0,0,0,2025-09-20
승합,영주,전기버스_우선,0,0,0,0,2025-09-20
승합,영주,전기버스_일반,4,3,3,1,2025-09-20
승합,영주,어린이버스_우선,0,0,0,0,2025-09-20
승합,영주,어린이버스_일반,0,0,0,0,2025-09-20
승합,영천,전기버스_우선,0,0,0,0,2025-09-20
승합,영천,전기버스_일반,14,13,13,1,2025-09-20
승합,영천,어린이버스_우선,0,0,0,0,2025-09-20
승합,영천,어린이버스_일반,0,0,0,0,2025-09-20
승합,상주,전기버스_우선,0,0,0,0,2025-09-20
승합,상주,전기버스_일반,10,9,0,10,2025-09-20
승합,상주,어린이버스_우선,0,0,0,0,2025-09-20
승합,상주,어린이버스_일반,0,0,0,0,2025-09-20
승합,문경,전기버스_우선,0,0,0,0,2025-09-20
승합,문경,전기버스_일반,16,7,0,16,2025-09-20
승합,문경,어린이버스_우선,0,0,0,0,2025-09-20
승합,문경,어린이버스_일반,0,0,0,0,2025-09-20
승합,경산,전기버스_우선,0,0,0,0,2025-09-20
승합,경산,전기버스_일반,18,16,14,4,2025-09-20
승합,경산,어린이버스_우선,0,0,0,0,2025-09-20
승합,경산,어린이버스_일반,0,0,0,0,2025-09-20
승합,의성,전기버스_우선,0,0,0,0,2025-09-20
승합,의성,전기버스_일반,0,0,0,0,2025-09-20
승합,의성,어린이버스_우선,0,0,0,0,2025-09-20
승합,의성,어린이버스_일반,0,0,0,0,2025-09-20
승합,청송,전기버스_우선,0,0,0,0,2025-09-20
승합,청송,전기버스_일반,1,1,1,0,2025-09-20
승합,청송,어린이버스_우선,0,0,0,0,2025-09-20
승합,청송,어린이버스_일반,0,0,0,0,2025-09-20
승합,영양,전기버스_우선,0,0,0,0,2025-09-20
승합,영양,전기버스_일반,1,1,1,0,2025-09-20
승합,영양,어린이버스_우선,0,0,0,0,2025-09-20
승합,영양,어린이버스_일반,0,0,0,0,2025-09-20
승합,영덕,전기버스_우선,0,0,0,0,2025-09-20
승합,영덕,전기버스_일반,3,3,3,0,2025-09-20
승합,영덕,어린이버스_우선,0,0,0,0,2025-09-20
승합,영덕,어린이버스_일반,0,0,0,0,2025-09-20
승합,청도,전기버스_우선,0,0,0,0,2025-09-20
승합,청도,전기버스_일반,2,2,1,1,2025-09-20
승합,청도,어린이버스_우선,0,0,0,0,2025-09-20
승합,청도,어린이버스_일반,0,0,0,0,2025-09-20
승합,고령,전기버스_우선,0,0,0,0,2025-09-20
승합,고령,전기버스_일반,3,5,1,2,2025-09-20
승합,고령,어린이버스_우선,0,0,0,0,2025-09-20
승합,고령,어린이버스_일반,0,0,0,0,2025-09-20
승합,성주,전기버스_우선,0,0,0,0,2025-09-20
승합,성주,전기버스_일반,2,3,0,2,2025-09-20
승합,성주,어린이버스_우선,0,0,0,0,2025-09-20
승합,성주,어린이버스_일반,0,0,0,0,2025-09-20
승합,칠곡,전기버스_우선,0,0,0,0,2025-09-20
승합,칠곡,전기버스_일반,0,0,0,0,2025-09-20
승합,칠곡,어린이버스_우선,0,0,0,0,2025-09-20
승합,칠곡,어린이버스_일반,0,0,0,0,2025-09-20
승합,예천,전기버스_우선,0,0,0,0,2025-09-20
승합,예천,전기버스_일반,3,2,2,1,2025-09-20
승합,예천,어린이버스_우선,0,0,0,0,2025-09-20
승합,예천,어린이버스_일반,0,0,0,0,2025-09-20
승합,봉화,전기버스_우선,0,0,0,0,2025-09-20
승합,봉화,전기버스_일반,3,3,3,0,2025-09-20
승합,봉화,어린이버스_우선,0,0,0,0,2025-09-20
승합,봉화,어린이버스_일반,0,0,0,0,2025-09-20
승합,울진,전기버스_우선,1,0,0,1,2025-09-20
승합,울진,전기버스_일반,3,3,3,0,2025-09-20
승합,울진,어린이버스_우선,0,0,0,0,2025-09-20
승합,울진,어린이버스_일반,0,0,0,0,2025-09-20
승합,울릉,전기버스_우선,0,0,0,0,2025-09-20
승합,울릉,전기버스_일반,0,0,0,0,2025-09-20
승합,울릉,어린이버스_우선,0,0,0,0,2025-09-20
승합,울릉,어린이버스_일반,0,0,0,0,2025-09-20
승합,창원,전기버스_우선,0,0,0,0,2025-09-20
승합,창원,전기버스_일반,56,57,29,27,2025-09-20
승합,창원,어린이버스_우선,0,0,0,0,2025-09-20
승합,창원,어린이버스_일반,0,0,0,0,2025-09-20
승합,진주,전기버스_우선,0,0,0,0,2025-09-20
승합,진주,전기버스_일반,30,32,27,3,2025-09-20
승합,진주,어린이버스_우선,0,0,0,0,2025-09-20
승합,진주,어린이버스_일반,0,0,0,0,2025-09-20
승합,통영,전기버스_우선,0,0,0,0,2025-09-20
승합,통영,전기버스_일반,0,0,0,0,2025-09-20
승합,통영,어린이버스_우선,0,0,0,0,2025-09-20
승합,통영,어린이버스_일반,0,0,0,0,2025-09-20
승합,사천,전기버스_우선,7,0,0,7,2025-09-20
승합,사천,전기버스_일반,0,6,4,0,2025-09-20
승합,사천,어린이버스_우선,0,0,0,0,2025-09-20
승합,사천,어린이버스_일반,0,0,0,0,2025-09-20
승합,김해,전기버스_우선,0,0,0,0,2025-09-20
승합,김해,전기버스_일반,16,16,0,16,2025-09-20
승합,김해,어린이버스_우선,0,0,0,0,2025-09-20
승합,김해,어린이버스_일반,0,0,0,0,2025-09-20
승합,밀양,전기버스_우선,5,0,0,5,2025-09-20
승합,밀양,전기버스_일반,1,5,5,0,2025-09-20
승합,밀양,어린이버스_우선,0,0,0,0,2025-09-20
승합,밀양,어린이버스_일반,0,0,0,0,2025-09-20
승합,거제,전기버스_우선,0,0,0,0,2025-09-20
승합,거제,전기버스_일반,17,18,15,2,2025-09-20
승합,거제,어린이버스_우선,0,0,0,0,2025-09-20
승합,거제,어린이버스_일반,0,0,0,0,2025-09-20
승합,양산,전기버스_우선,0,0,0,0,2025-09-20
승합,양산,전기버스_일반,24,17,10,14,2025-09-20
승합,양산,어린이버스_우선,0,0,0,0,2025-09-20
승합,양산,어린이버스_일반,0,0,0,0,2025-09-20
승합,의령,전기버스_우선,0,0,0,0,2025-09-20
승합,의령,전기버스_일반,0,0,0,0,2025-09-20
승합,의령,어린이버스_우선,0,0,0,0,2025-09-20
승합,의령,어린이버스_일반,0,0,0,0,2025-09-20
승합,함안,전기버스_우선,0,0,0,0,2025-09-20
승합,함안,전기버스_일반,2,2,0,2,2025-09-20
승합,함안,어린이버스_우선,0,0,0,0,2025-09-20
승합,함안,어린이버스_일반,0,0,0,0,2025-09-20
승합,창녕,전기버스_우선,0,0,0,0,2025-09-20
승합,창녕,전기버스_일반,0,0,0,0,2025-09-20
승합,창녕,어린이버스_우선,0,0,0,0,2025-09-20
승합,창녕,어린이버스_일반,0,0,0,0,2025-09-20
승합,고성(경남),전기버스_우선,0,0,0,0,2025-09-20
승합,고성(경남),전기버스_일반,7,0,0,7,2025-09-20
승합,고성(경남),어린이버스_우선,0,0,0,0,2025-09-20
승합,고성(경남),어린이버스_일반,0,0,0,0,2025-09-20
승합,남해,전기버스_우선,0,0,0,0,2025-09-20
승합,남해,전기버스_일반,0,0,0,0,2025-09-20
승합,남해,어린이버스_우선,0,0,0,0,2025-09-20
승합,남해,어린이버스_일반,0,0,0,0,2025-09-20
승합,하동,전기버스_우선,0,0,0,0,2025-09-20
승합,하동,전기버스_일반,2,2,0,2,2025-09-20
승합,하동,어린이버스_우선,0,0,0,0,2025-09-20
승합,하동,어린이버스_일반,0,0,0,0,2025-09-20
승합,산청,전기버스_우선,0,0,0,0,2025-09-20
승합,산청,전기버스_일반,0,0,0,0,2025-09-20
승합,산청,어린이버스_우선,0,0,0,0,2025-09-20
승합,산청,어린이버스_일반,0,0,0,0,2025-09-20
승합,함양,전기버스_우선,0,0,0,0,2025-09-20
승합,함양,전기버스_일반,0,0,0,0,2025-09-20
승합,함양,어린이버스_우선,0,0,0,0,2025-09-20
승합,함양,어린이버스_일반,0,0,0,0,2025-09-20
승합,거창,전기버스_우선,0,0,0,0,2025-09-20
승합,거창,전기버스_일반,0,0,0,0,2025-09-20
승합,거창,어린이버스_우선,0,0,0,0,2025-09-20
승합,거창,어린이버스_일반,0,0,0,0,2025-09-20
승합,합천,전기버스_우선,0,0,0,0,2025-09-20
승합,합천,전기버스_일반,5,5,0,5,2025-09-20
승합,합천,어린이버스_우선,0,0,0,0,2025-09-20
승합,합천,어린이버스_일반,0,0,0,0,2025-09-20
승합,한국환경공단,전기버스_우선,0,0,0,0,2025-09-20
승합,한국환경공단,전기버스_일반,0,0,0,0,2025-09-20
승합,한국환경공단,어린이버스_우선,0,0,0,0,2025-09-20
승합,한국환경공단,어린이버스_일반,0,0,0,0,2025-09-20
승합,양주,전기버스_우선,4,0,0,4,2025-09-20
승합,포천,전기버스_우선,0,0,0,0,2025-09-20
승합,양주,전기버스_일반,0,27,1,0,2025-09-20
승합,포천,전기버스_일반,3,3,2,1,2025-09-20
승합,포천,어린이버스_우선,0,0,0,0,2025-09-20
승합,양주,어린이버스_우선,0,0,0,0,2025-09-20
승합,포천,어린이버스_일반,0,0,0,0,2025-09-20
승합,양주,어린이버스_일반,0,0,0,0,2025-09-20
